sale_id,store,product_cat,units,unit_price,revenue,channel,satisfaction,date
S0001,East,Groceries,8,293.53,2348.24,In-store,4.5,2024-06-04 00:00:00
S0002,East,Apparel,7,38.95,272.65,Online,6.9,2024-06-25 00:00:00
S0003,East,Groceries,11,351.56,3867.16,Online,9.7,2024-12-01 00:00:00
S0004,North,Furniture,5,153.77,768.85,Online,9.1,2024-04-05 00:00:00
S0005,North,Electronics,8,211.13,1689.04,In-store,8.6,2024-03-26 00:00:00
S0006,East,Groceries,10,535.23,5352.3,In-store,4.8,2024-12-20 00:00:00
S0007,East,Cosmetics,4,320.82,1283.28,Online,7.1,2024-05-15 00:00:00
S0008,North,Cosmetics,7,144.33,1010.31,In-store,7.1,2024-09-04 00:00:00
S0009,East,Cosmetics,8,543.75,4350.0,Online,6.7,2024-10-03 00:00:00
S0010,North,Electronics,10,518.41,5184.1,In-store,6.5,2024-10-15 00:00:00
S0011,South,Apparel,8,400.85,3206.8,In-store,6.2,2024-12-12 00:00:00
S0012,South,Groceries,2,112.41,224.82,Online,7.5,2024-12-15 00:00:00
S0013,South,Groceries,12,559.24,6710.88,In-store,6.7,2024-03-14 00:00:00
S0014,South,Electronics,1,131.95,131.95,In-store,4.1,2024-12-03 00:00:00
S0015,East,Furniture,6,208.08,1248.48,Online,5.3,2024-06-24 00:00:00
S0016,North,Apparel,7,154.69,1082.83,In-store,5.8,2024-09-09 00:00:00
S0017,South,Furniture,7,203.56,1424.92,In-store,9.8,2024-12-01 00:00:00
S0018,South,Electronics,8,476.21,3809.68,In-store,8.1,2024-03-06 00:00:00
S0019,North,Groceries,10,583.79,5837.9,In-store,8.2,2024-07-26 00:00:00
S0020,South,Apparel,9,346.56,3119.04,Online,3.5,2024-04-07 00:00:00
S0021,East,Groceries,8,367.17,2937.36,In-store,7.5,2024-11-16 00:00:00
S0022,East,Groceries,11,419.36,4612.96,Online,3.8,2024-11-20 00:00:00
S0023,North,Groceries,8,377.04,3016.32,Online,9.1,2024-08-03 00:00:00
S0024,East,Groceries,2,548.88,1097.76,In-store,9.2,2024-03-12 00:00:00
S0025,South,Apparel,5,339.45,1697.25,Online,6.2,2024-06-12 00:00:00
S0026,East,Furniture,1,261.25,261.25,Online,6.7,2024-09-24 00:00:00
S0027,South,Furniture,1,495.73,495.73,In-store,6.4,2024-01-08 00:00:00
S0028,East,Electronics,11,235.35,2588.85,In-store,8.5,2024-10-07 00:00:00
S0029,South,Electronics,2,54.34,108.68,Online,7.6,2024-08-06 00:00:00
S0030,East,Groceries,1,10.55,10.55,Online,4.9,2024-03-03 00:00:00
S0031,South,Furniture,3,286.04,858.12,Online,6.4,2024-04-05 00:00:00
S0032,East,Electronics,1,222.69,222.69,Online,5.4,2024-10-12 00:00:00
S0033,East,Apparel,12,301.37,3616.44,Online,8.2,2024-01-06 00:00:00
S0034,East,Furniture,1,13.76,13.76,Online,6.0,2024-06-08 00:00:00
S0035,South,Furniture,12,362.07,4344.84,Online,5.6,2024-10-21 00:00:00
S0036,East,Electronics,12,266.04,3192.48,Online,9.8,2024-02-29 00:00:00
S0037,North,Cosmetics,6,572.57,3435.42,In-store,6.0,2024-08-19 00:00:00
S0038,East,Apparel,5,471.85,2359.25,In-store,5.3,2024-11-14 00:00:00
S0039,East,Apparel,11,423.44,4657.84,Online,8.9,2024-11-03 00:00:00
S0040,North,Cosmetics,5,352.88,1764.4,In-store,8.0,2024-11-04 00:00:00
S0041,South,Groceries,4,485.45,1941.8,In-store,5.2,2024-08-04 00:00:00
S0042,North,Apparel,3,354.05,1062.15,Online,8.8,2024-10-19 00:00:00
S0043,East,Cosmetics,3,167.94,503.82,In-store,7.0,2024-10-03 00:00:00
S0044,South,Electronics,9,293.43,2640.87,Online,5.5,2024-01-30 00:00:00
S0045,East,Electronics,11,240.32,2643.52,In-store,7.3,2024-01-05 00:00:00
S0046,North,Furniture,7,278.53,1949.71,In-store,8.5,2024-04-29 00:00:00
S0047,South,Furniture,7,349.86,2449.02,In-store,6.6,2024-10-28 00:00:00
S0048,North,Groceries,4,117.55,470.2,Online,8.7,2024-05-28 00:00:00
S0049,South,Cosmetics,6,348.83,2092.98,Online,5.1,2024-09-09 00:00:00
S0050,South,Cosmetics,6,520.49,3122.94,Online,4.5,2024-11-01 00:00:00
S0051,East,Furniture,1,210.23,210.23,Online,4.1,2024-04-14 00:00:00
S0052,East,Electronics,10,294.36,2943.6,In-store,9.5,2024-05-23 00:00:00
S0053,South,Furniture,7,62.78,439.46,Online,5.2,2024-01-20 00:00:00
S0054,North,Cosmetics,6,124.59,747.54,Online,3.7,2024-01-18 00:00:00
S0055,East,Cosmetics,9,224.93,2024.37,In-store,9.7,2024-02-02 00:00:00
S0056,North,Groceries,10,385.71,3857.1,In-store,5.6,2024-04-29 00:00:00
S0057,East,Furniture,11,58.42,642.62,In-store,4.7,2024-03-22 00:00:00
S0058,East,Electronics,6,579.63,3477.78,Online,3.8,2024-05-11 00:00:00
S0059,East,Groceries,6,40.27,241.62,Online,5.2,2024-09-19 00:00:00
S0060,South,Groceries,12,445.04,5340.48,Online,4.4,2024-01-03 00:00:00
S0061,South,Furniture,4,407.75,1631.0,In-store,8.4,2024-02-23 00:00:00
S0062,South,Cosmetics,8,197.73,1581.84,Online,5.9,2024-07-13 00:00:00
S0063,North,Groceries,3,267.62,802.86,In-store,8.2,2024-04-09 00:00:00
S0064,North,Groceries,1,98.39,98.39,In-store,9.3,2024-03-12 00:00:00
S0065,South,Groceries,8,574.98,4599.84,Online,6.4,2024-06-22 00:00:00
S0066,South,Groceries,6,494.72,2968.32,In-store,4.4,2024-04-23 00:00:00
S0067,East,Cosmetics,12,38.75,465.0,Online,6.4,2024-03-17 00:00:00
S0068,North,Electronics,5,253.87,1269.35,Online,5.3,2024-05-31 00:00:00
S0069,South,Cosmetics,6,483.47,2900.82,Online,5.6,2024-09-04 00:00:00
S0070,East,Groceries,2,96.25,192.5,Online,7.1,2024-05-26 00:00:00
S0071,North,Apparel,2,158.39,316.78,In-store,9.9,2024-05-02 00:00:00
S0072,South,Cosmetics,4,63.05,252.2,Online,3.9,2024-05-30 00:00:00
S0073,North,Cosmetics,3,587.29,1761.87,In-store,6.8,2024-08-14 00:00:00
S0074,East,Apparel,1,474.79,474.79,Online,5.8,2024-01-21 00:00:00
S0075,East,Electronics,7,134.87,944.09,Online,9.0,2024-09-24 00:00:00
S0076,North,Furniture,4,428.41,1713.64,Online,8.9,2024-11-07 00:00:00
S0077,South,Electronics,12,299.81,3597.72,Online,4.4,2024-12-08 00:00:00
S0078,North,Furniture,12,378.92,4547.04,In-store,4.8,2024-02-03 00:00:00
S0079,South,Groceries,12,440.97,5291.64,In-store,5.7,2024-11-23 00:00:00
S0080,South,Cosmetics,8,58.75,470.0,Online,9.2,2024-05-16 00:00:00
S0081,South,Groceries,4,115.7,462.8,Online,8.1,2024-10-21 00:00:00
S0082,South,Furniture,10,515.55,5155.5,In-store,9.8,2024-02-06 00:00:00
S0083,North,Apparel,2,217.25,434.5,In-store,7.2,2024-02-01 00:00:00
S0084,East,Cosmetics,5,524.32,2621.6,In-store,6.8,2024-09-28 00:00:00
S0085,North,Groceries,9,84.95,764.55,Online,7.5,2024-03-26 00:00:00
S0086,East,Groceries,2,190.59,381.18,Online,4.1,2024-12-23 00:00:00
S0087,North,Furniture,12,121.08,1452.96,In-store,6.9,2024-12-25 00:00:00
S0088,North,Electronics,8,66.2,529.6,Online,5.3,2024-08-26 00:00:00
S0089,South,Groceries,8,353.61,2828.88,Online,4.3,2024-03-11 00:00:00
S0090,North,Electronics,9,357.13,3214.17,In-store,8.4,2024-03-25 00:00:00
S0091,South,Cosmetics,1,562.86,562.86,Online,6.1,2024-01-27 00:00:00
S0092,North,Apparel,6,206.44,1238.64,In-store,9.0,2024-10-15 00:00:00
S0093,East,Groceries,6,489.95,2939.7,In-store,6.9,2024-12-14 00:00:00
S0094,South,Groceries,6,153.32,919.92,In-store,4.2,2024-04-05 00:00:00
S0095,North,Furniture,2,197.99,395.98,Online,5.0,2024-08-03 00:00:00
S0096,South,Groceries,7,467.06,3269.42,Online,3.7,2024-11-24 00:00:00
S0097,East,Furniture,10,163.13,1631.3,In-store,7.6,2024-01-19 00:00:00
S0098,North,Furniture,10,64.8,648.0,Online,6.3,2024-01-21 00:00:00
S0099,South,Electronics,5,72.26,361.3,Online,3.9,2024-09-20 00:00:00
S0100,East,Furniture,5,55.26,276.3,Online,6.4,2024-09-18 00:00:00
S0101,South,Furniture,3,531.69,1595.07,In-store,5.3,2024-02-14 00:00:00
S0102,South,Furniture,12,330.06,3960.72,Online,7.7,2024-04-13 00:00:00
S0103,South,Furniture,9,427.66,3848.94,In-store,7.5,2024-08-28 00:00:00
S0104,South,Electronics,5,23.42,117.1,Online,6.8,2024-07-15 00:00:00
S0105,South,Electronics,10,240.89,2408.9,Online,5.6,2024-06-15 00:00:00
S0106,North,Apparel,8,165.61,1324.88,Online,8.5,2024-03-22 00:00:00
S0107,South,Cosmetics,9,44.75,402.75,Online,6.9,2024-08-13 00:00:00
S0108,North,Furniture,6,442.57,2655.42,Online,9.9,2024-12-12 00:00:00
S0109,South,Apparel,12,560.7,6728.4,In-store,4.4,2024-04-13 00:00:00
S0110,South,Furniture,10,368.4,3684.0,Online,8.3,2024-08-31 00:00:00
S0111,East,Electronics,5,472.04,2360.2,In-store,9.2,2024-01-03 00:00:00
S0112,East,Groceries,7,460.58,3224.06,In-store,6.1,2024-10-19 00:00:00
S0113,South,Furniture,3,253.66,760.98,Online,6.0,2024-08-19 00:00:00
S0114,East,Apparel,12,277.45,3329.4,In-store,5.8,2024-09-26 00:00:00
S0115,East,Apparel,9,359.28,3233.52,Online,8.6,2024-09-12 00:00:00
S0116,North,Furniture,7,269.2,1884.4,In-store,8.7,2024-08-11 00:00:00
S0117,North,Groceries,10,229.31,2293.1,In-store,5.6,2024-11-07 00:00:00
S0118,North,Cosmetics,4,575.46,2301.84,Online,3.7,2024-05-11 00:00:00
S0119,South,Furniture,10,538.06,5380.6,In-store,7.0,2024-08-11 00:00:00
S0120,East,Cosmetics,9,496.28,4466.52,In-store,6.5,2024-01-21 00:00:00
S0121,South,Groceries,10,407.35,4073.5,Online,6.9,2024-02-20 00:00:00
S0122,South,Furniture,7,227.78,1594.46,Online,9.2,2024-08-03 00:00:00
S0123,East,Furniture,8,243.98,1951.84,In-store,8.0,2024-02-17 00:00:00
S0124,South,Groceries,3,220.82,662.46,In-store,6.8,2024-02-26 00:00:00
S0125,East,Apparel,11,537.23,5909.53,In-store,7.6,2024-09-25 00:00:00
S0126,North,Furniture,5,490.62,2453.1,Online,6.2,2024-01-31 00:00:00
S0127,North,Apparel,11,341.15,3752.65,Online,8.0,2024-01-06 00:00:00
S0128,East,Furniture,1,187.51,187.51,Online,9.5,2024-07-22 00:00:00
S0129,East,Groceries,2,353.79,707.58,Online,4.6,2024-10-10 00:00:00
S0130,East,Furniture,10,163.28,1632.8,Online,7.2,2024-07-29 00:00:00
S0131,North,Furniture,10,77.29,772.9,Online,3.7,2024-02-08 00:00:00
S0132,South,Cosmetics,3,568.96,1706.88,In-store,8.7,2024-02-01 00:00:00
S0133,East,Apparel,11,12.43,136.73,Online,8.2,2024-06-30 00:00:00
S0134,South,Groceries,5,105.8,529.0,Online,5.8,2024-08-18 00:00:00
S0135,North,Electronics,10,234.47,2344.7,In-store,7.3,2024-01-23 00:00:00
S0136,North,Electronics,8,37.48,299.84,Online,3.8,2024-10-27 00:00:00
S0137,South,Apparel,3,192.3,576.9,In-store,7.4,2024-09-10 00:00:00
S0138,South,Furniture,2,149.54,299.08,Online,6.2,2024-07-23 00:00:00
S0139,North,Groceries,12,293.21,3518.52,Online,4.6,2024-07-13 00:00:00
S0140,South,Cosmetics,3,9.54,28.62,In-store,4.2,2024-09-30 00:00:00
S0141,East,Groceries,7,204.85,1433.95,Online,6.2,2024-06-28 00:00:00
S0142,North,Cosmetics,9,150.74,1356.66,In-store,5.7,2024-08-11 00:00:00
S0143,North,Apparel,1,171.08,171.08,Online,5.1,2024-03-07 00:00:00
S0144,East,Electronics,2,121.8,243.6,In-store,6.5,2024-05-02 00:00:00
S0145,North,Cosmetics,3,223.91,671.73,In-store,7.6,2024-10-24 00:00:00
S0146,South,Furniture,4,181.87,727.48,Online,5.0,2024-08-19 00:00:00
S0147,East,Apparel,11,82.91,912.01,In-store,7.3,2024-07-07 00:00:00
S0148,East,Furniture,9,151.52,1363.68,Online,4.3,2024-03-03 00:00:00
S0149,East,Apparel,11,310.25,3412.75,In-store,3.7,2024-10-17 00:00:00
S0150,South,Groceries,3,189.92,569.76,Online,8.5,2024-04-28 00:00:00
S0151,North,Groceries,6,117.05,702.3,In-store,8.7,2024-06-01 00:00:00
S0152,South,Groceries,4,44.22,176.88,Online,5.4,2024-07-23 00:00:00
S0153,South,Electronics,5,216.76,1083.8,In-store,4.6,2024-07-06 00:00:00
S0154,East,Apparel,11,480.64,5287.04,In-store,3.7,2024-12-26 00:00:00
S0155,South,Apparel,12,280.24,3362.88,Online,4.7,2024-02-28 00:00:00
S0156,East,Electronics,5,548.05,2740.25,Online,6.1,2024-11-07 00:00:00
S0157,South,Electronics,3,261.27,783.81,In-store,8.3,2024-10-09 00:00:00
S0158,North,Furniture,5,379.53,1897.65,Online,7.2,2024-09-23 00:00:00
S0159,East,Furniture,5,555.79,2778.95,In-store,9.6,2024-02-27 00:00:00
S0160,North,Furniture,11,175.37,1929.07,Online,9.8,2024-12-14 00:00:00
S0161,South,Electronics,2,27.09,54.18,In-store,8.4,2024-02-14 00:00:00
S0162,South,Furniture,7,418.33,2928.31,Online,5.3,2024-02-16 00:00:00
S0163,South,Cosmetics,6,568.09,3408.54,In-store,8.0,2024-12-18 00:00:00
S0164,East,Groceries,11,377.44,4151.84,Online,6.3,2024-09-19 00:00:00
S0165,North,Groceries,3,296.26,888.78,In-store,4.6,2024-03-24 00:00:00
S0166,South,Electronics,11,145.42,1599.62,Online,4.6,2024-06-26 00:00:00
S0167,East,Apparel,7,60.06,420.42,Online,4.4,2024-12-27 00:00:00
S0168,North,Electronics,8,403.85,3230.8,Online,6.8,2024-08-15 00:00:00
S0169,South,Apparel,3,561.83,1685.49,Online,9.3,2024-03-13 00:00:00
S0170,South,Groceries,10,340.14,3401.4,In-store,8.4,2024-03-27 00:00:00
S0171,East,Cosmetics,11,401.59,4417.49,In-store,8.9,2024-02-28 00:00:00
S0172,South,Cosmetics,12,177.16,2125.92,Online,3.8,2024-05-23 00:00:00
S0173,East,Apparel,5,122.28,611.4,In-store,9.8,2024-03-23 00:00:00
S0174,East,Apparel,6,269.82,1618.92,In-store,4.6,2024-02-06 00:00:00
S0175,South,Groceries,1,11.43,11.43,In-store,9.9,2024-10-15 00:00:00
S0176,South,Cosmetics,5,69.74,348.7,In-store,4.7,2024-10-05 00:00:00
S0177,North,Apparel,6,9.94,59.64,In-store,7.7,2024-02-10 00:00:00
S0178,North,Cosmetics,3,449.73,1349.19,Online,5.4,2024-04-05 00:00:00
S0179,East,Electronics,11,317.63,3493.93,Online,8.6,2024-06-07 00:00:00
S0180,South,Electronics,12,371.99,4463.88,In-store,5.6,2024-07-07 00:00:00
S0181,South,Apparel,3,332.92,998.76,Online,3.9,2024-02-24 00:00:00
S0182,East,Cosmetics,10,482.66,4826.6,Online,9.6,2024-09-10 00:00:00
S0183,North,Apparel,7,302.22,2115.54,Online,4.4,2024-04-26 00:00:00
S0184,East,Cosmetics,3,87.29,261.87,Online,9.9,2024-08-13 00:00:00
S0185,East,Apparel,8,118.53,948.24,Online,3.7,2024-11-08 00:00:00
S0186,South,Groceries,9,258.14,2323.26,Online,6.8,2024-08-03 00:00:00
S0187,North,Electronics,6,42.32,253.92,Online,6.0,2024-01-03 00:00:00
S0188,East,Apparel,8,483.48,3867.84,Online,6.5,2024-10-04 00:00:00
S0189,South,Furniture,6,312.48,1874.88,Online,9.8,2024-11-07 00:00:00
S0190,North,Apparel,10,53.46,534.6,In-store,7.2,2024-08-03 00:00:00
S0191,East,Electronics,6,291.04,1746.24,In-store,9.1,2024-09-28 00:00:00
S0192,North,Electronics,11,21.57,237.27,In-store,8.0,2024-03-16 00:00:00
S0193,East,Furniture,11,349.55,3845.05,In-store,5.8,2024-05-03 00:00:00
S0194,South,Groceries,10,267.61,2676.1,Online,4.7,2024-04-13 00:00:00
S0195,North,Apparel,9,451.16,4060.44,Online,4.7,2024-12-09 00:00:00
S0196,North,Furniture,5,426.91,2134.55,In-store,5.0,2024-10-20 00:00:00
S0197,East,Furniture,12,72.25,867.0,Online,9.0,2024-12-13 00:00:00
S0198,North,Furniture,2,481.2,962.4,Online,7.6,2024-09-20 00:00:00
S0199,East,Cosmetics,2,278.69,557.38,Online,9.8,2024-04-08 00:00:00
S0200,North,Electronics,10,287.69,2876.9,In-store,8.5,2024-01-30 00:00:00
S0201,South,Groceries,7,145.96,1021.72,Online,8.1,2024-04-19 00:00:00
S0202,East,Electronics,8,183.46,1467.68,In-store,9.4,2024-02-14 00:00:00
S0203,North,Furniture,10,593.23,5932.3,Online,9.5,2024-06-30 00:00:00
S0204,South,Groceries,3,223.35,670.05,In-store,4.3,2024-07-09 00:00:00
S0205,South,Cosmetics,9,443.66,3992.94,Online,8.8,2024-06-29 00:00:00
S0206,South,Furniture,2,216.67,433.34,Online,3.7,2024-12-11 00:00:00
S0207,North,Cosmetics,4,156.49,625.96,Online,8.9,2024-10-24 00:00:00
S0208,North,Cosmetics,8,72.58,580.64,Online,4.0,2024-05-12 00:00:00
S0209,South,Cosmetics,3,94.4,283.2,Online,7.3,2024-05-08 00:00:00
S0210,South,Cosmetics,9,598.37,5385.33,Online,3.7,2024-03-18 00:00:00
S0211,North,Groceries,8,303.56,2428.48,Online,4.7,2024-11-26 00:00:00
S0212,South,Electronics,11,361.98,3981.78,In-store,6.1,2024-11-08 00:00:00
S0213,South,Furniture,9,50.15,451.35,Online,5.5,2024-03-08 00:00:00
S0214,North,Electronics,10,376.65,3766.5,In-store,8.2,2024-06-18 00:00:00
S0215,South,Apparel,10,283.7,2837.0,Online,5.7,2024-09-04 00:00:00
S0216,North,Cosmetics,6,139.84,839.04,Online,7.6,2024-12-09 00:00:00
S0217,South,Groceries,3,167.24,501.72,In-store,5.8,2024-10-20 00:00:00
S0218,North,Groceries,9,352.73,3174.57,Online,9.2,2024-08-06 00:00:00
S0219,North,Apparel,11,345.2,3797.2,In-store,8.7,2024-05-01 00:00:00
S0220,South,Apparel,3,410.39,1231.17,In-store,6.8,2024-11-21 00:00:00
S0221,East,Cosmetics,4,213.51,854.04,In-store,3.9,2024-06-21 00:00:00
S0222,South,Furniture,11,197.3,2170.3,In-store,9.3,2024-04-30 00:00:00
S0223,North,Groceries,6,94.73,568.38,In-store,6.1,2024-07-21 00:00:00
S0224,North,Furniture,10,464.55,4645.5,Online,4.4,2024-06-06 00:00:00
S0225,East,Apparel,5,437.36,2186.8,Online,9.5,2024-10-25 00:00:00
S0226,South,Furniture,2,353.03,706.06,In-store,9.9,2024-07-01 00:00:00
S0227,North,Cosmetics,12,259.82,3117.84,In-store,9.3,2024-05-21 00:00:00
S0228,North,Apparel,5,330.16,1650.8,Online,8.1,2024-04-21 00:00:00
S0229,North,Furniture,1,242.75,242.75,In-store,9.1,2024-11-27 00:00:00
S0230,East,Groceries,2,122.04,244.08,Online,7.4,2024-02-10 00:00:00
S0231,East,Apparel,2,486.63,973.26,Online,3.5,2024-05-18 00:00:00
S0232,North,Apparel,9,387.28,3485.52,Online,4.9,2024-06-16 00:00:00
S0233,South,Cosmetics,12,21.12,253.44,In-store,4.6,2024-07-31 00:00:00
S0234,East,Apparel,1,56.88,56.88,In-store,9.9,2024-07-23 00:00:00
S0235,North,Groceries,5,564.44,2822.2,In-store,7.2,2024-06-09 00:00:00
S0236,East,Apparel,1,252.01,252.01,Online,4.1,2024-03-20 00:00:00
S0237,North,Apparel,4,89.88,359.52,In-store,6.3,2024-10-02 00:00:00
S0238,East,Electronics,11,355.15,3906.65,In-store,5.0,2024-11-12 00:00:00
S0239,South,Groceries,5,489.01,2445.05,In-store,7.7,2024-10-08 00:00:00
S0240,South,Apparel,12,274.63,3295.56,In-store,4.4,2024-01-05 00:00:00
S0241,East,Apparel,9,288.08,2592.72,Online,9.9,2024-04-26 00:00:00
S0242,North,Groceries,7,455.17,3186.19,Online,4.3,2024-10-05 00:00:00
S0243,North,Apparel,9,126.94,1142.46,In-store,8.3,2024-03-31 00:00:00
S0244,North,Furniture,12,514.13,6169.56,Online,5.8,2024-12-29 00:00:00
S0245,South,Electronics,4,267.73,1070.92,In-store,9.4,2024-07-18 00:00:00
S0246,North,Groceries,8,131.2,1049.6,Online,3.9,2024-11-26 00:00:00
S0247,South,Groceries,7,406.16,2843.12,Online,7.2,2024-07-28 00:00:00
S0248,East,Electronics,7,567.25,3970.75,Online,5.1,2024-05-14 00:00:00
S0249,North,Apparel,12,263.11,3157.32,Online,5.6,2024-08-05 00:00:00
S0250,South,Electronics,11,170.82,1879.02,Online,6.6,2024-05-16 00:00:00
S0251,South,Groceries,3,494.58,1483.74,In-store,3.5,2024-05-07 00:00:00
S0252,East,Furniture,3,195.26,585.78,In-store,4.9,2024-01-27 00:00:00
S0253,East,Apparel,4,511.55,2046.2,Online,8.6,2024-08-12 00:00:00
S0254,North,Apparel,3,263.71,791.13,Online,8.7,2024-03-18 00:00:00
S0255,South,Electronics,1,84.36,84.36,In-store,4.1,2024-03-27 00:00:00
S0256,North,Cosmetics,8,411.25,3290.0,In-store,7.7,2024-12-06 00:00:00
S0257,South,Groceries,12,241.02,2892.24,Online,4.8,2024-11-17 00:00:00
S0258,North,Furniture,12,14.14,169.68,Online,7.2,2024-12-23 00:00:00
S0259,North,Apparel,2,438.46,876.92,Online,9.2,2024-03-02 00:00:00
S0260,East,Cosmetics,8,582.5,4660.0,Online,4.7,2024-12-16 00:00:00
S0261,East,Furniture,9,93.02,837.18,Online,6.9,2024-09-11 00:00:00
S0262,North,Electronics,2,212.92,425.84,Online,5.3,2024-03-31 00:00:00
S0263,North,Groceries,1,162.47,162.47,Online,6.8,2024-07-27 00:00:00
S0264,South,Groceries,9,571.4,5142.6,In-store,8.0,2024-11-30 00:00:00
S0265,East,Apparel,8,328.66,2629.28,In-store,9.9,2024-05-17 00:00:00
S0266,East,Cosmetics,7,256.07,1792.49,In-store,9.8,2024-07-17 00:00:00
S0267,North,Groceries,7,529.6,3707.2,Online,7.5,2024-05-10 00:00:00
S0268,South,Electronics,12,368.49,4421.88,Online,7.8,2024-02-14 00:00:00
S0269,East,Groceries,10,471.46,4714.6,In-store,8.0,2024-06-15 00:00:00
S0270,East,Apparel,11,389.5,4284.5,In-store,9.8,2024-01-01 00:00:00
S0271,South,Furniture,8,448.99,3591.92,In-store,7.3,2024-07-13 00:00:00
S0272,East,Cosmetics,4,495.87,1983.48,In-store,8.1,2024-07-20 00:00:00
S0273,East,Apparel,9,163.51,1471.59,Online,7.6,2024-10-05 00:00:00
S0274,East,Apparel,11,137.84,1516.24,In-store,9.4,2024-08-30 00:00:00
S0275,East,Cosmetics,12,211.93,2543.16,Online,10.0,2024-02-03 00:00:00
S0276,North,Furniture,9,221.64,1994.76,Online,8.8,2024-05-02 00:00:00
S0277,East,Cosmetics,11,107.55,1183.05,Online,7.7,2024-11-29 00:00:00
S0278,South,Cosmetics,1,196.57,196.57,Online,6.2,2024-12-25 00:00:00
S0279,South,Apparel,5,228.21,1141.05,In-store,6.4,2024-02-15 00:00:00
S0280,South,Groceries,5,240.35,1201.75,In-store,7.6,2024-03-30 00:00:00
S0281,East,Electronics,9,94.18,847.62,In-store,6.7,2024-12-04 00:00:00
S0282,East,Apparel,4,375.53,1502.12,In-store,5.1,2024-10-11 00:00:00
S0283,South,Groceries,4,5.48,21.92,Online,5.5,2024-10-05 00:00:00
S0284,South,Electronics,5,550.57,2752.85,In-store,8.9,2024-02-16 00:00:00
S0285,North,Electronics,9,383.51,3451.59,Online,6.3,2024-05-28 00:00:00
S0286,North,Cosmetics,10,469.73,4697.3,In-store,5.9,2024-12-30 00:00:00
S0287,South,Furniture,5,582.02,2910.1,In-store,5.8,2024-07-16 00:00:00
S0288,East,Electronics,10,82.04,820.4,In-store,3.9,2024-04-14 00:00:00
S0289,North,Cosmetics,6,516.81,3100.86,In-store,6.1,2024-07-31 00:00:00
S0290,East,Groceries,8,561.77,4494.16,Online,7.4,2024-08-24 00:00:00
S0291,South,Cosmetics,8,422.06,3376.48,In-store,4.6,2024-02-03 00:00:00
S0292,North,Furniture,8,241.58,1932.64,Online,7.9,2024-04-12 00:00:00
S0293,East,Apparel,7,327.29,2291.03,In-store,8.5,2024-08-23 00:00:00
S0294,North,Furniture,2,58.58,117.16,Online,4.2,2024-02-15 00:00:00
S0295,North,Electronics,4,340.83,1363.32,In-store,6.6,2024-01-29 00:00:00
S0296,South,Furniture,9,416.15,3745.35,Online,10.0,2024-01-26 00:00:00
S0297,South,Electronics,11,91.59,1007.49,Online,4.7,2024-10-02 00:00:00
S0298,North,Apparel,5,314.41,1572.05,In-store,5.2,2024-06-01 00:00:00
S0299,South,Groceries,9,239.9,2159.1,In-store,5.5,2024-07-13 00:00:00
S0300,South,Apparel,7,514.7,3602.9,Online,4.4,2024-04-16 00:00:00
S0301,South,Cosmetics,9,393.09,3537.81,Online,5.9,2024-06-23 00:00:00
S0302,East,Furniture,4,276.58,1106.32,Online,8.2,2024-01-05 00:00:00
S0303,East,Apparel,9,45.25,407.25,Online,5.3,2024-08-12 00:00:00
S0304,North,Furniture,5,124.33,621.65,In-store,6.1,2024-08-15 00:00:00
S0305,North,Electronics,4,527.45,2109.8,In-store,9.1,2024-03-04 00:00:00
S0306,North,Furniture,1,86.51,86.51,In-store,4.7,2024-10-14 00:00:00
S0307,South,Electronics,12,481.42,5777.04,In-store,8.7,2024-09-30 00:00:00
S0308,East,Electronics,3,91.74,275.22,Online,6.5,2024-04-13 00:00:00
S0309,South,Electronics,2,570.77,1141.54,In-store,8.1,2024-08-14 00:00:00
S0310,North,Electronics,11,257.62,2833.82,Online,4.5,2024-08-16 00:00:00
S0311,East,Apparel,5,456.11,2280.55,Online,5.5,2024-05-12 00:00:00
S0312,North,Electronics,6,331.49,1988.94,Online,6.0,2024-01-17 00:00:00
S0313,East,Apparel,6,231.08,1386.48,Online,7.8,2024-12-21 00:00:00
S0314,North,Electronics,2,122.9,245.8,In-store,5.7,2024-07-24 00:00:00
S0315,South,Groceries,2,28.09,56.18,Online,10.0,2024-09-25 00:00:00
S0316,South,Apparel,9,48.4,435.6,Online,8.4,2024-09-11 00:00:00
S0317,South,Apparel,2,124.3,248.6,Online,4.8,2024-08-28 00:00:00
S0318,North,Furniture,5,461.83,2309.15,In-store,3.7,2024-11-02 00:00:00
S0319,South,Electronics,2,580.58,1161.16,Online,7.8,2024-01-26 00:00:00
S0320,South,Cosmetics,3,203.22,609.66,Online,5.6,2024-07-05 00:00:00
S0321,South,Groceries,3,70.24,210.72,In-store,4.1,2024-10-09 00:00:00
S0322,East,Cosmetics,2,473.85,947.7,In-store,3.7,2024-01-21 00:00:00
S0323,South,Electronics,9,349.65,3146.85,In-store,7.3,2024-06-29 00:00:00
S0324,East,Electronics,2,227.95,455.9,In-store,4.6,2024-02-16 00:00:00
S0325,East,Cosmetics,6,7.95,47.7,In-store,4.5,2024-02-18 00:00:00
S0326,North,Electronics,2,528.04,1056.08,In-store,5.3,2024-10-04 00:00:00
S0327,North,Electronics,2,197.94,395.88,Online,6.8,2024-07-06 00:00:00
S0328,East,Electronics,4,173.67,694.68,Online,9.4,2024-09-30 00:00:00
S0329,North,Groceries,9,147.59,1328.31,Online,9.6,2024-09-07 00:00:00
S0330,East,Electronics,12,344.39,4132.68,Online,8.4,2024-03-19 00:00:00
S0331,South,Cosmetics,5,598.9,2994.5,Online,5.4,2024-03-02 00:00:00
S0332,North,Electronics,2,400.01,800.02,Online,7.4,2024-09-19 00:00:00
S0333,North,Groceries,12,492.39,5908.68,In-store,9.9,2024-01-22 00:00:00
S0334,East,Electronics,4,372.86,1491.44,In-store,5.7,2024-08-24 00:00:00
S0335,North,Apparel,10,552.9,5529.0,In-store,8.6,2024-01-17 00:00:00
S0336,North,Furniture,2,474.22,948.44,Online,4.5,2024-06-25 00:00:00
S0337,North,Apparel,3,126.22,378.66,Online,10.0,2024-09-02 00:00:00
S0338,South,Groceries,1,300.91,300.91,Online,4.8,2024-11-16 00:00:00
S0339,South,Groceries,1,508.21,508.21,In-store,7.3,2024-09-09 00:00:00
S0340,South,Electronics,11,464.39,5108.29,In-store,8.9,2024-06-04 00:00:00
S0341,East,Furniture,1,448.25,448.25,Online,6.3,2024-11-23 00:00:00
S0342,East,Furniture,9,182.89,1646.01,Online,3.9,2024-05-09 00:00:00
S0343,East,Cosmetics,4,147.86,591.44,Online,9.2,2024-10-21 00:00:00
S0344,North,Cosmetics,11,534.27,5876.97,In-store,8.7,2024-12-15 00:00:00
S0345,South,Groceries,6,496.33,2977.98,Online,7.7,2024-06-22 00:00:00
S0346,South,Apparel,11,358.95,3948.45,Online,5.5,2024-11-05 00:00:00
S0347,South,Cosmetics,1,570.84,570.84,In-store,7.4,2024-08-22 00:00:00
S0348,North,Groceries,3,204.57,613.71,In-store,6.1,2024-08-26 00:00:00
S0349,South,Groceries,10,24.38,243.8,In-store,4.7,2024-08-14 00:00:00
S0350,North,Groceries,7,398.29,2788.03,Online,7.9,2024-01-22 00:00:00
S0351,North,Cosmetics,7,494.65,3462.55,In-store,5.7,2024-03-18 00:00:00
S0352,South,Furniture,6,104.61,627.66,In-store,5.5,2024-06-12 00:00:00
S0353,East,Electronics,9,475.49,4279.41,Online,6.0,2024-01-05 00:00:00
S0354,North,Electronics,1,512.83,512.83,In-store,7.2,2024-12-02 00:00:00
S0355,East,Groceries,5,443.27,2216.35,In-store,4.4,2024-05-09 00:00:00
S0356,East,Furniture,11,252.54,2777.94,In-store,6.4,2024-05-31 00:00:00
S0357,East,Cosmetics,6,186.67,1120.02,Online,9.4,2024-09-12 00:00:00
S0358,North,Groceries,8,221.41,1771.28,Online,7.1,2024-08-17 00:00:00
S0359,North,Furniture,5,451.89,2259.45,In-store,3.7,2024-06-15 00:00:00
S0360,South,Electronics,8,86.51,692.08,Online,7.3,2024-10-22 00:00:00
S0361,South,Electronics,9,32.77,294.93,In-store,7.6,2024-05-03 00:00:00
S0362,North,Cosmetics,5,464.86,2324.3,In-store,7.7,2024-12-12 00:00:00
S0363,East,Apparel,11,231.39,2545.29,In-store,5.6,2024-10-21 00:00:00
S0364,East,Apparel,8,496.4,3971.2,Online,4.8,2024-02-01 00:00:00
S0365,East,Electronics,3,188.26,564.78,In-store,9.4,2024-10-27 00:00:00
S0366,South,Electronics,5,583.03,2915.15,In-store,5.5,2024-08-31 00:00:00
S0367,South,Cosmetics,4,374.33,1497.32,Online,7.9,2024-07-04 00:00:00
S0368,South,Apparel,7,195.18,1366.26,Online,4.8,2024-11-14 00:00:00
S0369,South,Electronics,8,303.25,2426.0,In-store,3.8,2024-05-22 00:00:00
S0370,East,Cosmetics,9,284.78,2563.02,Online,5.3,2024-07-04 00:00:00
S0371,East,Apparel,12,550.91,6610.92,Online,5.2,2024-01-07 00:00:00
S0372,East,Furniture,1,321.66,321.66,In-store,5.8,2024-07-03 00:00:00
S0373,North,Furniture,5,588.39,2941.95,Online,8.4,2024-12-13 00:00:00
S0374,East,Groceries,7,501.47,3510.29,In-store,4.6,2024-03-31 00:00:00
S0375,East,Groceries,12,382.18,4586.16,In-store,6.1,2024-06-23 00:00:00
S0376,South,Apparel,7,238.58,1670.06,Online,8.1,2024-03-14 00:00:00
S0377,South,Apparel,9,442.72,3984.48,Online,4.9,2024-12-15 00:00:00
S0378,North,Furniture,2,555.11,1110.22,Online,9.0,2024-12-07 00:00:00
S0379,South,Electronics,4,348.8,1395.2,In-store,8.6,2024-12-13 00:00:00
S0380,East,Electronics,3,94.94,284.82,Online,9.3,2024-01-18 00:00:00
S0381,East,Cosmetics,12,582.08,6984.96,In-store,4.4,2024-12-26 00:00:00
S0382,South,Groceries,12,233.68,2804.16,In-store,7.4,2024-04-24 00:00:00
S0383,East,Furniture,5,60.83,304.15,Online,5.8,2024-12-24 00:00:00
S0384,South,Electronics,9,47.95,431.55,Online,6.5,2024-03-12 00:00:00
S0385,North,Cosmetics,8,168.66,1349.28,Online,3.8,2024-08-27 00:00:00
S0386,South,Apparel,2,292.82,585.64,In-store,6.9,2024-04-27 00:00:00
S0387,North,Apparel,4,336.18,1344.72,Online,4.9,2024-03-29 00:00:00
S0388,South,Cosmetics,1,487.41,487.41,In-store,3.9,2024-11-18 00:00:00
S0389,East,Groceries,5,436.1,2180.5,In-store,6.0,2024-10-28 00:00:00
S0390,North,Apparel,7,139.64,977.48,In-store,7.8,2024-05-08 00:00:00
S0391,East,Electronics,2,386.86,773.72,In-store,6.5,2024-12-15 00:00:00
S0392,North,Apparel,12,372.52,4470.24,Online,4.2,2024-03-25 00:00:00
S0393,North,Furniture,5,456.94,2284.7,Online,6.4,2024-04-11 00:00:00
S0394,South,Electronics,12,447.12,5365.44,In-store,8.4,2024-01-12 00:00:00
S0395,East,Groceries,12,434.91,5218.92,Online,5.8,2024-08-01 00:00:00
S0396,East,Furniture,1,502.1,502.1,In-store,7.1,2024-11-17 00:00:00
S0397,South,Apparel,3,341.4,1024.2,In-store,4.2,2024-03-30 00:00:00
S0398,North,Cosmetics,12,216.38,2596.56,Online,5.7,2024-03-19 00:00:00
S0399,South,Cosmetics,6,467.59,2805.54,Online,9.4,2024-06-12 00:00:00
S0400,North,Groceries,8,538.9,4311.2,In-store,6.8,2024-04-17 00:00:00
S0401,North,Electronics,6,154.9,929.4,In-store,9.6,2024-09-22 00:00:00
S0402,East,Cosmetics,7,465.78,3260.46,Online,8.8,2024-08-11 00:00:00
S0403,North,Electronics,3,87.3,261.9,In-store,3.7,2024-02-14 00:00:00
S0404,North,Furniture,8,469.32,3754.56,Online,9.1,2024-06-22 00:00:00
S0405,South,Cosmetics,10,337.95,3379.5,Online,3.5,2024-04-14 00:00:00
S0406,North,Groceries,6,232.65,1395.9,Online,9.6,2024-08-13 00:00:00
S0407,East,Cosmetics,8,345.37,2762.96,Online,7.2,2024-01-28 00:00:00
S0408,East,Electronics,8,105.54,844.32,In-store,8.0,2024-08-29 00:00:00
S0409,South,Furniture,10,89.36,893.6,In-store,3.9,2024-05-02 00:00:00
S0410,East,Electronics,4,7.92,31.68,Online,5.1,2024-04-12 00:00:00
S0411,North,Cosmetics,1,27.65,27.65,Online,9.6,2024-04-22 00:00:00
S0412,East,Furniture,11,31.32,344.52,In-store,5.2,2024-03-19 00:00:00
S0413,North,Groceries,8,15.84,126.72,Online,4.4,2024-09-27 00:00:00
S0414,South,Groceries,3,371.46,1114.38,In-store,9.5,2024-01-02 00:00:00
S0415,East,Groceries,2,511.59,1023.18,Online,8.1,2024-12-04 00:00:00
S0416,South,Cosmetics,9,370.97,3338.73,Online,7.1,2024-04-16 00:00:00
S0417,East,Cosmetics,1,116.48,116.48,Online,4.3,2024-11-28 00:00:00
S0418,South,Groceries,12,128.25,1539.0,Online,7.0,2024-06-29 00:00:00
S0419,East,Electronics,11,60.95,670.45,Online,4.1,2024-05-20 00:00:00
S0420,South,Electronics,5,188.98,944.9,In-store,7.4,2024-06-20 00:00:00
S0421,North,Groceries,4,9.13,36.52,Online,7.9,2024-11-02 00:00:00
S0422,South,Cosmetics,4,314.47,1257.88,Online,9.5,2024-02-10 00:00:00
S0423,East,Groceries,1,503.13,503.13,Online,9.0,2024-08-08 00:00:00
S0424,South,Cosmetics,1,111.99,111.99,In-store,8.1,2024-05-09 00:00:00
S0425,North,Apparel,5,508.54,2542.7,In-store,4.1,2024-08-14 00:00:00
S0426,East,Cosmetics,3,588.62,1765.86,In-store,5.3,2024-05-07 00:00:00
S0427,North,Apparel,1,250.39,250.39,Online,7.0,2024-07-01 00:00:00
S0428,North,Apparel,6,6.03,36.18,Online,7.0,2024-02-23 00:00:00
S0429,South,Cosmetics,1,496.14,496.14,In-store,5.9,2024-10-02 00:00:00
S0430,North,Electronics,2,579.56,1159.12,Online,7.7,2024-10-02 00:00:00
S0431,South,Furniture,4,563.08,2252.32,Online,7.7,2024-04-21 00:00:00
S0432,North,Apparel,5,454.27,2271.35,In-store,8.2,2024-03-31 00:00:00
S0433,East,Electronics,10,265.61,2656.1,In-store,8.4,2024-05-07 00:00:00
S0434,North,Groceries,6,157.99,947.94,Online,7.7,2024-11-12 00:00:00
S0435,East,Electronics,11,387.76,4265.36,Online,7.4,2024-12-21 00:00:00
S0436,North,Groceries,7,185.82,1300.74,Online,4.0,2024-02-08 00:00:00
S0437,East,Cosmetics,3,336.59,1009.77,In-store,9.5,2024-08-18 00:00:00
S0438,South,Apparel,3,540.44,1621.32,In-store,6.2,2024-12-19 00:00:00
S0439,East,Groceries,3,269.73,809.19,In-store,5.7,2024-04-15 00:00:00
S0440,North,Groceries,1,235.85,235.85,Online,8.7,2024-12-09 00:00:00
S0441,North,Electronics,6,170.2,1021.2,Online,9.4,2024-03-21 00:00:00
S0442,South,Apparel,11,398.68,4385.48,Online,3.8,2024-09-03 00:00:00
S0443,North,Cosmetics,2,502.94,1005.88,In-store,7.7,2024-10-18 00:00:00
S0444,North,Apparel,10,137.84,1378.4,Online,5.2,2024-03-07 00:00:00
S0445,East,Electronics,6,221.36,1328.16,Online,5.9,2024-05-08 00:00:00
S0446,East,Groceries,6,222.91,1337.46,Online,9.4,2024-03-25 00:00:00
S0447,North,Electronics,5,457.67,2288.35,Online,9.3,2024-07-15 00:00:00
S0448,South,Apparel,6,148.32,889.92,Online,3.8,2024-12-05 00:00:00
S0449,North,Apparel,7,502.67,3518.69,Online,6.6,2024-09-06 00:00:00
S0450,East,Cosmetics,2,70.38,140.76,Online,6.1,2024-09-05 00:00:00
S0451,North,Cosmetics,8,554.24,4433.92,In-store,3.9,2024-04-07 00:00:00
S0452,South,Cosmetics,2,163.32,326.64,Online,9.6,2024-10-11 00:00:00
S0453,North,Cosmetics,1,47.55,47.55,Online,7.2,2024-07-11 00:00:00
S0454,South,Furniture,2,40.64,81.28,Online,5.1,2024-03-28 00:00:00
S0455,North,Groceries,9,519.47,4675.23,Online,6.6,2024-08-27 00:00:00
S0456,North,Groceries,8,472.11,3776.88,In-store,7.6,2024-02-20 00:00:00
S0457,South,Groceries,4,171.97,687.88,Online,8.1,2024-08-31 00:00:00
S0458,East,Groceries,8,158.11,1264.88,Online,7.7,2024-12-17 00:00:00
S0459,East,Electronics,12,24.17,290.04,In-store,7.8,2024-03-12 00:00:00
S0460,South,Apparel,11,221.87,2440.57,Online,9.1,2024-07-07 00:00:00
S0461,North,Electronics,11,542.12,5963.32,Online,7.4,2024-02-11 00:00:00
S0462,North,Apparel,8,134.1,1072.8,In-store,9.8,2024-04-08 00:00:00
S0463,East,Electronics,5,450.61,2253.05,Online,6.1,2024-12-13 00:00:00
S0464,South,Electronics,3,12.5,37.5,Online,6.6,2024-09-18 00:00:00
S0465,North,Furniture,12,297.8,3573.6,Online,4.8,2024-08-28 00:00:00
S0466,South,Apparel,4,189.38,757.52,Online,9.8,2024-06-13 00:00:00
S0467,South,Cosmetics,1,247.15,247.15,Online,7.2,2024-03-23 00:00:00
S0468,North,Electronics,4,497.68,1990.72,In-store,7.4,2024-08-31 00:00:00
S0469,South,Electronics,9,330.98,2978.82,In-store,5.1,2024-03-02 00:00:00
S0470,North,Electronics,5,576.35,2881.75,Online,7.3,2024-01-30 00:00:00
S0471,North,Groceries,3,144.41,433.23,In-store,8.6,2024-05-09 00:00:00
S0472,North,Apparel,10,398.71,3987.1,In-store,4.1,2024-08-11 00:00:00
S0473,South,Groceries,2,580.64,1161.28,In-store,8.4,2024-03-30 00:00:00
S0474,East,Cosmetics,3,254.95,764.85,In-store,8.7,2024-11-30 00:00:00
S0475,North,Cosmetics,12,310.12,3721.44,Online,6.7,2024-09-28 00:00:00
S0476,South,Furniture,10,409.49,4094.9,Online,6.3,2024-10-30 00:00:00
S0477,North,Apparel,5,344.34,1721.7,Online,6.2,2024-09-25 00:00:00
S0478,North,Groceries,5,408.05,2040.25,In-store,4.9,2024-06-16 00:00:00
S0479,South,Electronics,1,269.71,269.71,In-store,9.7,2024-04-29 00:00:00
S0480,North,Furniture,7,57.93,405.51,In-store,6.1,2024-03-09 00:00:00
S0481,East,Apparel,12,143.34,1720.08,In-store,7.8,2024-07-05 00:00:00
S0482,East,Electronics,3,598.61,1795.83,In-store,4.2,2024-09-18 00:00:00
S0483,East,Cosmetics,3,531.31,1593.93,Online,6.6,2024-08-20 00:00:00
S0484,South,Apparel,6,348.29,2089.74,In-store,5.5,2024-09-03 00:00:00
S0485,East,Electronics,12,15.48,185.76,In-store,5.9,2024-11-18 00:00:00
S0486,East,Electronics,5,502.15,2510.75,Online,8.1,2024-04-10 00:00:00
S0487,South,Apparel,6,460.88,2765.28,Online,8.8,2024-11-03 00:00:00
S0488,East,Groceries,8,510.54,4084.32,Online,9.3,2024-10-31 00:00:00
S0489,East,Apparel,9,250.29,2252.61,Online,4.0,2024-01-03 00:00:00
S0490,North,Groceries,3,56.04,168.12,Online,5.0,2024-05-15 00:00:00
S0491,North,Groceries,12,472.25,5667.0,Online,4.2,2024-02-15 00:00:00
S0492,South,Groceries,4,93.43,373.72,In-store,5.6,2024-08-01 00:00:00
S0493,South,Apparel,12,289.91,3478.92,Online,9.5,2024-05-15 00:00:00
S0494,North,Furniture,3,163.01,489.03,Online,8.0,2024-05-14 00:00:00
S0495,East,Apparel,3,476.09,1428.27,In-store,6.8,2024-03-13 00:00:00
S0496,East,Groceries,4,365.08,1460.32,Online,9.0,2024-08-04 00:00:00
S0497,North,Electronics,7,180.61,1264.27,In-store,8.7,2024-08-29 00:00:00
S0498,North,Electronics,2,44.05,88.1,In-store,8.7,2024-04-28 00:00:00
S0499,East,Cosmetics,10,60.53,605.3,In-store,4.4,2024-04-08 00:00:00
S0500,East,Cosmetics,10,133.39,1333.9,Online,8.4,2024-09-13 00:00:00
S0501,South,Groceries,7,315.5,2208.5,Online,5.0,2024-01-13 00:00:00
S0502,North,Cosmetics,4,310.11,1240.44,Online,9.4,2024-04-14 00:00:00
S0503,South,Electronics,5,597.23,2986.15,Online,3.9,2024-08-25 00:00:00
S0504,East,Apparel,6,497.06,2982.36,In-store,5.6,2024-06-05 00:00:00
S0505,South,Groceries,1,465.9,465.9,In-store,3.8,2024-09-20 00:00:00
S0506,East,Electronics,4,95.0,380.0,In-store,3.7,2024-06-13 00:00:00
S0507,East,Furniture,2,472.08,944.16,In-store,8.0,2024-08-31 00:00:00
S0508,North,Groceries,9,189.91,1709.19,Online,7.6,2024-08-11 00:00:00
S0509,East,Furniture,8,44.69,357.52,Online,6.4,2024-09-01 00:00:00
S0510,East,Apparel,12,253.95,3047.4,In-store,8.6,2024-06-10 00:00:00
S0511,South,Groceries,10,35.38,353.8,In-store,4.4,2024-10-12 00:00:00
S0512,East,Furniture,3,42.6,127.8,Online,5.4,2024-02-05 00:00:00
S0513,South,Furniture,11,463.6,5099.6,Online,4.4,2024-12-23 00:00:00
S0514,East,Groceries,2,430.94,861.88,Online,5.4,2024-12-09 00:00:00
S0515,East,Groceries,3,320.37,961.11,In-store,4.6,2024-09-29 00:00:00
S0516,North,Electronics,10,500.69,5006.9,Online,6.0,2024-08-06 00:00:00
S0517,North,Electronics,12,206.13,2473.56,In-store,9.8,2024-02-29 00:00:00
S0518,East,Cosmetics,2,159.44,318.88,In-store,5.0,2024-04-04 00:00:00
S0519,South,Cosmetics,10,487.47,4874.7,Online,8.3,2024-03-07 00:00:00
S0520,South,Groceries,12,120.23,1442.76,In-store,8.7,2024-01-15 00:00:00
S0521,East,Electronics,5,310.13,1550.65,In-store,5.5,2024-06-23 00:00:00
S0522,South,Groceries,11,116.58,1282.38,Online,9.1,2024-10-21 00:00:00
S0523,South,Furniture,6,11.2,67.2,Online,9.3,2024-06-16 00:00:00
S0524,South,Apparel,4,509.85,2039.4,In-store,5.9,2024-06-29 00:00:00
S0525,North,Electronics,7,230.05,1610.35,Online,9.4,2024-07-29 00:00:00
S0526,East,Electronics,11,462.99,5092.89,Online,9.9,2024-03-28 00:00:00
S0527,South,Furniture,3,488.74,1466.22,In-store,6.0,2024-06-06 00:00:00
S0528,East,Apparel,3,147.68,443.04,Online,5.7,2024-03-29 00:00:00
S0529,North,Furniture,6,527.91,3167.46,Online,8.7,2024-10-07 00:00:00
S0530,South,Cosmetics,8,567.97,4543.76,Online,8.2,2024-07-03 00:00:00
S0531,North,Apparel,4,43.09,172.36,Online,9.4,2024-01-14 00:00:00
S0532,East,Groceries,4,225.17,900.68,In-store,8.3,2024-04-11 00:00:00
S0533,South,Cosmetics,8,385.84,3086.72,In-store,5.5,2024-11-19 00:00:00
S0534,South,Apparel,10,284.93,2849.3,In-store,7.2,2024-02-24 00:00:00
S0535,East,Groceries,10,354.56,3545.6,In-store,6.4,2024-01-07 00:00:00
S0536,North,Apparel,11,140.12,1541.32,In-store,9.5,2024-12-03 00:00:00
S0537,East,Furniture,12,518.61,6223.32,Online,6.5,2024-10-18 00:00:00
S0538,North,Cosmetics,7,19.06,133.42,Online,4.7,2024-05-28 00:00:00
S0539,South,Groceries,9,474.38,4269.42,Online,8.7,2024-11-05 00:00:00
S0540,East,Cosmetics,1,135.31,135.31,Online,6.0,2024-12-29 00:00:00
S0541,North,Apparel,2,558.21,1116.42,In-store,9.9,2024-09-20 00:00:00
S0542,South,Furniture,12,583.63,7003.56,Online,7.8,2024-03-14 00:00:00
S0543,East,Electronics,10,574.22,5742.2,Online,3.6,2024-11-28 00:00:00
S0544,North,Furniture,9,527.98,4751.82,In-store,3.8,2024-01-29 00:00:00
S0545,East,Electronics,4,305.42,1221.68,In-store,9.6,2024-10-13 00:00:00
S0546,East,Cosmetics,4,90.49,361.96,Online,6.3,2024-11-04 00:00:00
S0547,South,Electronics,12,159.19,1910.28,In-store,4.9,2024-11-17 00:00:00
S0548,North,Apparel,8,37.23,297.84,Online,8.4,2024-05-01 00:00:00
S0549,East,Electronics,9,157.1,1413.9,Online,7.4,2024-04-13 00:00:00
S0550,North,Cosmetics,10,434.31,4343.1,Online,5.3,2024-08-05 00:00:00
S0551,North,Cosmetics,9,36.27,326.43,Online,9.1,2024-10-13 00:00:00
S0552,South,Cosmetics,11,251.95,2771.45,Online,7.7,2024-10-05 00:00:00
S0553,East,Electronics,6,247.91,1487.46,Online,5.0,2024-07-28 00:00:00
S0554,South,Apparel,6,372.84,2237.04,Online,7.6,2024-08-16 00:00:00
S0555,East,Apparel,2,89.82,179.64,Online,6.8,2024-04-04 00:00:00
S0556,South,Furniture,7,290.43,2033.01,In-store,6.6,2024-05-21 00:00:00
S0557,South,Furniture,8,313.51,2508.08,Online,6.8,2024-04-29 00:00:00
S0558,South,Groceries,2,214.31,428.62,In-store,4.2,2024-08-05 00:00:00
S0559,East,Cosmetics,6,214.43,1286.58,Online,6.5,2024-10-20 00:00:00
S0560,East,Cosmetics,9,8.82,79.38,In-store,6.8,2024-12-30 00:00:00
S0561,South,Furniture,11,243.98,2683.78,In-store,4.5,2024-11-30 00:00:00
S0562,North,Electronics,11,449.23,4941.53,In-store,7.9,2024-07-23 00:00:00
S0563,East,Electronics,6,356.06,2136.36,In-store,8.7,2024-03-21 00:00:00
S0564,East,Electronics,9,333.38,3000.42,In-store,4.3,2024-01-14 00:00:00
S0565,South,Cosmetics,10,197.31,1973.1,In-store,5.3,2024-09-23 00:00:00
S0566,East,Apparel,1,213.15,213.15,In-store,4.3,2024-05-10 00:00:00
S0567,East,Apparel,7,367.78,2574.46,Online,5.9,2024-07-17 00:00:00
S0568,East,Furniture,2,220.9,441.8,Online,5.3,2024-06-19 00:00:00
S0569,North,Cosmetics,5,493.76,2468.8,Online,4.0,2024-04-17 00:00:00
S0570,North,Electronics,1,443.35,443.35,In-store,5.0,2024-01-30 00:00:00
S0571,East,Groceries,7,161.98,1133.86,Online,7.1,2024-02-15 00:00:00
S0572,North,Groceries,3,263.25,789.75,In-store,9.1,2024-07-16 00:00:00
S0573,East,Electronics,7,60.44,423.08,Online,9.8,2024-01-20 00:00:00
S0574,North,Groceries,2,38.29,76.58,Online,5.6,2024-12-21 00:00:00
S0575,South,Electronics,11,105.24,1157.64,Online,4.7,2024-11-07 00:00:00
S0576,North,Apparel,6,405.13,2430.78,Online,9.9,2024-08-10 00:00:00
S0577,South,Cosmetics,6,237.59,1425.54,Online,6.6,2024-01-13 00:00:00
S0578,North,Electronics,11,424.99,4674.89,Online,9.3,2024-06-28 00:00:00
S0579,North,Cosmetics,11,443.62,4879.82,Online,8.6,2024-10-07 00:00:00
S0580,South,Groceries,10,13.21,132.1,In-store,7.8,2024-09-18 00:00:00
S0581,East,Furniture,3,516.35,1549.05,Online,6.7,2024-12-18 00:00:00
S0582,East,Groceries,7,98.19,687.33,Online,9.0,2024-07-04 00:00:00
S0583,North,Furniture,7,424.81,2973.67,In-store,8.2,2024-07-28 00:00:00
S0584,East,Furniture,6,576.17,3457.02,Online,5.6,2024-07-11 00:00:00
S0585,North,Furniture,4,165.02,660.08,Online,9.9,2024-12-18 00:00:00
S0586,East,Apparel,6,194.37,1166.22,In-store,4.5,2024-10-06 00:00:00
S0587,North,Cosmetics,8,571.47,4571.76,Online,4.5,2024-02-12 00:00:00
S0588,South,Furniture,10,251.53,2515.3,In-store,8.1,2024-01-03 00:00:00
S0589,North,Groceries,2,355.44,710.88,In-store,5.3,2024-02-28 00:00:00
S0590,South,Apparel,10,523.4,5234.0,Online,8.2,2024-11-28 00:00:00
S0591,South,Apparel,6,63.06,378.36,Online,3.9,2024-05-12 00:00:00
S0592,North,Furniture,5,470.33,2351.65,In-store,8.5,2024-12-20 00:00:00
S0593,South,Apparel,11,456.33,5019.63,In-store,7.9,2024-12-23 00:00:00
S0594,North,Electronics,8,575.19,4601.52,In-store,3.8,2024-10-03 00:00:00
S0595,North,Apparel,12,445.53,5346.36,In-store,9.1,2024-05-12 00:00:00
S0596,South,Groceries,9,24.79,223.11,Online,4.0,2024-01-18 00:00:00
S0597,South,Groceries,4,281.41,1125.64,In-store,5.7,2024-11-07 00:00:00
S0598,East,Groceries,3,574.28,1722.84,Online,8.9,2024-05-13 00:00:00
S0599,North,Cosmetics,6,102.73,616.38,Online,5.1,2024-02-01 00:00:00
S0600,East,Apparel,4,100.84,403.36,Online,7.6,2024-09-29 00:00:00
S0601,South,Electronics,10,513.63,5136.3,Online,6.2,2024-08-28 00:00:00
S0602,East,Cosmetics,6,410.79,2464.74,Online,7.7,2024-09-03 00:00:00
S0603,South,Electronics,9,577.39,5196.51,Online,7.1,2024-07-26 00:00:00
S0604,South,Cosmetics,3,549.39,1648.17,In-store,9.6,2024-10-15 00:00:00
S0605,South,Furniture,6,63.85,383.1,In-store,4.6,2024-02-18 00:00:00
S0606,North,Electronics,6,230.92,1385.52,In-store,7.3,2024-06-18 00:00:00
S0607,North,Apparel,7,348.76,2441.32,Online,5.6,2024-08-22 00:00:00
S0608,South,Apparel,2,574.28,1148.56,In-store,6.6,2024-11-20 00:00:00
S0609,East,Electronics,4,328.23,1312.92,In-store,4.7,2024-04-07 00:00:00
S0610,East,Electronics,5,179.38,896.9,Online,6.2,2024-04-17 00:00:00
S0611,East,Furniture,9,47.19,424.71,Online,8.4,2024-05-01 00:00:00
S0612,South,Groceries,11,70.67,777.37,Online,7.9,2024-12-31 00:00:00
S0613,North,Cosmetics,11,6.06,66.66,Online,9.8,2024-06-09 00:00:00
S0614,East,Cosmetics,10,417.41,4174.1,In-store,9.4,2024-10-28 00:00:00
S0615,North,Furniture,9,495.48,4459.32,Online,9.9,2024-04-24 00:00:00
S0616,North,Apparel,2,130.29,260.58,In-store,7.9,2024-07-15 00:00:00
S0617,North,Groceries,7,595.63,4169.41,In-store,4.2,2024-05-18 00:00:00
S0618,South,Groceries,9,93.01,837.09,Online,10.0,2024-08-06 00:00:00
S0619,South,Electronics,10,321.15,3211.5,In-store,8.2,2024-10-09 00:00:00
S0620,South,Apparel,3,218.6,655.8,Online,4.6,2024-03-18 00:00:00
S0621,North,Electronics,3,70.69,212.07,In-store,6.8,2024-10-21 00:00:00
S0622,South,Cosmetics,2,338.48,676.96,Online,8.2,2024-04-30 00:00:00
S0623,North,Electronics,7,88.58,620.06,In-store,5.1,2024-02-17 00:00:00
S0624,South,Apparel,8,355.44,2843.52,In-store,8.5,2024-04-23 00:00:00
S0625,North,Cosmetics,11,595.58,6551.38,Online,9.5,2024-11-05 00:00:00
S0626,South,Groceries,3,122.94,368.82,In-store,8.4,2024-06-22 00:00:00
S0627,South,Groceries,11,51.91,571.01,In-store,5.1,2024-03-20 00:00:00
S0628,South,Groceries,3,186.68,560.04,In-store,9.5,2024-10-27 00:00:00
S0629,East,Electronics,1,301.17,301.17,Online,5.4,2024-01-21 00:00:00
S0630,East,Electronics,6,33.42,200.52,In-store,4.6,2024-12-08 00:00:00
S0631,East,Cosmetics,4,262.81,1051.24,Online,5.1,2024-08-27 00:00:00
S0632,East,Cosmetics,1,422.47,422.47,Online,4.8,2024-02-14 00:00:00
S0633,South,Apparel,9,414.02,3726.18,Online,5.2,2024-12-09 00:00:00
S0634,South,Cosmetics,6,137.44,824.64,In-store,3.9,2024-02-13 00:00:00
S0635,North,Apparel,2,38.83,77.66,Online,6.0,2024-12-14 00:00:00
S0636,North,Cosmetics,8,155.53,1244.24,In-store,5.4,2024-10-28 00:00:00
S0637,North,Cosmetics,8,80.52,644.16,In-store,4.3,2024-12-17 00:00:00
S0638,East,Groceries,1,419.99,419.99,Online,4.2,2024-06-13 00:00:00
S0639,East,Apparel,4,36.99,147.96,In-store,4.6,2024-07-06 00:00:00
S0640,South,Electronics,7,428.77,3001.39,In-store,6.3,2024-01-02 00:00:00
S0641,East,Cosmetics,3,59.42,178.26,Online,7.6,2024-03-20 00:00:00
S0642,East,Groceries,11,523.87,5762.57,Online,8.8,2024-02-17 00:00:00
S0643,North,Groceries,11,136.49,1501.39,In-store,4.0,2024-06-05 00:00:00
S0644,East,Furniture,10,194.4,1944.0,In-store,9.8,2024-11-25 00:00:00
S0645,South,Furniture,10,322.24,3222.4,Online,6.6,2024-06-21 00:00:00
S0646,East,Furniture,3,227.35,682.05,Online,7.5,2024-12-03 00:00:00
S0647,North,Cosmetics,9,81.57,734.13,In-store,7.8,2024-04-04 00:00:00
S0648,South,Groceries,1,321.44,321.44,In-store,8.6,2024-09-21 00:00:00
S0649,East,Furniture,8,153.13,1225.04,In-store,7.0,2024-05-30 00:00:00
S0650,North,Apparel,7,498.86,3492.02,In-store,5.6,2024-12-15 00:00:00
S0651,South,Apparel,4,438.92,1755.68,In-store,5.8,2024-07-03 00:00:00
S0652,North,Cosmetics,12,394.22,4730.64,In-store,7.6,2024-12-21 00:00:00
S0653,North,Apparel,1,167.31,167.31,In-store,6.2,2024-08-11 00:00:00
S0654,East,Apparel,10,317.24,3172.4,Online,5.7,2024-08-29 00:00:00
S0655,East,Electronics,2,433.19,866.38,In-store,4.2,2024-04-10 00:00:00
S0656,North,Electronics,5,538.32,2691.6,In-store,9.0,2024-08-12 00:00:00
S0657,South,Electronics,5,255.63,1278.15,Online,8.1,2024-06-29 00:00:00
S0658,East,Electronics,5,41.1,205.5,In-store,3.7,2024-03-29 00:00:00
S0659,North,Electronics,1,259.2,259.2,In-store,6.8,2024-02-27 00:00:00
S0660,South,Furniture,5,266.52,1332.6,In-store,9.9,2024-07-19 00:00:00
S0661,North,Apparel,7,115.58,809.06,Online,8.4,2024-06-19 00:00:00
S0662,East,Electronics,3,409.35,1228.05,Online,3.6,2024-12-11 00:00:00
S0663,South,Groceries,10,368.54,3685.4,Online,8.1,2024-05-03 00:00:00
S0664,East,Apparel,4,285.42,1141.68,Online,3.7,2024-06-15 00:00:00
S0665,East,Groceries,9,388.42,3495.78,In-store,4.3,2024-04-18 00:00:00
S0666,South,Apparel,8,190.24,1521.92,Online,9.4,2024-02-29 00:00:00
S0667,North,Cosmetics,6,591.9,3551.4,Online,5.7,2024-05-03 00:00:00
S0668,East,Furniture,7,382.04,2674.28,In-store,5.2,2024-12-31 00:00:00
S0669,North,Groceries,8,283.34,2266.72,In-store,6.5,2024-11-02 00:00:00
S0670,East,Cosmetics,10,109.24,1092.4,In-store,4.5,2024-02-23 00:00:00
S0671,East,Cosmetics,5,456.46,2282.3,Online,5.5,2024-04-18 00:00:00
S0672,North,Groceries,12,6.27,75.24,Online,5.9,2024-08-09 00:00:00
S0673,South,Apparel,7,307.13,2149.91,In-store,9.9,2024-03-27 00:00:00
S0674,South,Groceries,2,308.81,617.62,In-store,5.4,2024-10-04 00:00:00
S0675,South,Apparel,4,136.18,544.72,In-store,7.4,2024-10-13 00:00:00
S0676,North,Furniture,10,168.01,1680.1,In-store,9.0,2024-07-06 00:00:00
S0677,East,Apparel,11,590.62,6496.82,Online,5.6,2024-02-28 00:00:00
S0678,North,Apparel,6,101.03,606.18,Online,6.1,2024-03-23 00:00:00
S0679,East,Cosmetics,11,122.63,1348.93,In-store,6.1,2024-04-29 00:00:00
S0680,South,Electronics,3,475.03,1425.09,In-store,8.8,2024-01-30 00:00:00
S0681,South,Cosmetics,1,229.1,229.1,Online,6.7,2024-08-29 00:00:00
S0682,North,Electronics,4,327.24,1308.96,Online,5.2,2024-11-26 00:00:00
S0683,East,Electronics,9,86.02,774.18,In-store,5.4,2024-09-30 00:00:00
S0684,East,Furniture,3,431.34,1294.02,Online,4.4,2024-06-07 00:00:00
S0685,East,Furniture,5,408.78,2043.9,Online,7.9,2024-06-12 00:00:00
S0686,South,Cosmetics,10,80.13,801.3,In-store,7.1,2024-03-25 00:00:00
S0687,North,Groceries,1,393.43,393.43,Online,7.3,2024-12-18 00:00:00
S0688,South,Groceries,9,438.21,3943.89,Online,9.4,2024-09-23 00:00:00
S0689,North,Cosmetics,1,14.37,14.37,Online,8.9,2024-12-18 00:00:00
S0690,North,Electronics,8,321.98,2575.84,In-store,9.3,2024-06-22 00:00:00
S0691,South,Apparel,10,20.49,204.9,Online,9.4,2024-01-12 00:00:00
S0692,North,Electronics,10,433.12,4331.2,In-store,7.9,2024-06-02 00:00:00
S0693,North,Cosmetics,12,543.7,6524.4,In-store,7.1,2024-01-03 00:00:00
S0694,North,Apparel,1,440.64,440.64,Online,9.7,2024-12-04 00:00:00
S0695,East,Electronics,9,292.99,2636.91,In-store,8.0,2024-08-25 00:00:00
S0696,South,Electronics,7,472.71,3308.97,Online,5.3,2024-09-18 00:00:00
S0697,South,Cosmetics,4,84.26,337.04,Online,5.0,2024-04-21 00:00:00
S0698,South,Cosmetics,8,572.66,4581.28,In-store,6.8,2024-01-14 00:00:00
S0699,East,Apparel,10,453.36,4533.6,In-store,4.9,2024-06-26 00:00:00
S0700,East,Cosmetics,8,440.65,3525.2,Online,6.9,2024-03-19 00:00:00
S0701,South,Furniture,7,551.53,3860.71,Online,8.6,2024-04-11 00:00:00
S0702,South,Furniture,11,434.87,4783.57,Online,5.2,2024-06-27 00:00:00
S0703,South,Cosmetics,11,77.11,848.21,Online,5.6,2024-01-01 00:00:00
S0704,North,Furniture,5,156.08,780.4,Online,8.1,2024-03-28 00:00:00
S0705,North,Cosmetics,5,404.98,2024.9,In-store,6.3,2024-12-10 00:00:00
S0706,North,Groceries,12,571.92,6863.04,Online,6.2,2024-09-17 00:00:00
S0707,East,Cosmetics,3,194.07,582.21,In-store,5.3,2024-02-21 00:00:00
S0708,North,Electronics,3,434.54,1303.62,In-store,7.3,2024-04-08 00:00:00
S0709,South,Groceries,8,389.25,3114.0,Online,9.9,2024-04-12 00:00:00
S0710,East,Furniture,8,27.79,222.32,Online,7.0,2024-04-21 00:00:00
S0711,East,Electronics,5,380.1,1900.5,Online,7.7,2024-07-09 00:00:00
S0712,North,Electronics,2,290.56,581.12,In-store,4.5,2024-10-08 00:00:00
S0713,North,Furniture,12,481.77,5781.24,Online,4.8,2024-04-15 00:00:00
S0714,North,Apparel,2,157.11,314.22,In-store,4.7,2024-01-01 00:00:00
S0715,North,Apparel,5,551.16,2755.8,Online,8.6,2024-07-30 00:00:00
S0716,North,Groceries,2,453.84,907.68,In-store,8.4,2024-08-19 00:00:00
S0717,North,Electronics,12,296.73,3560.76,Online,5.8,2024-06-09 00:00:00
S0718,East,Cosmetics,7,249.99,1749.93,Online,5.5,2024-02-07 00:00:00
S0719,East,Cosmetics,10,569.0,5690.0,In-store,7.3,2024-09-28 00:00:00
S0720,South,Cosmetics,8,168.33,1346.64,Online,7.8,2024-10-13 00:00:00
S0721,East,Electronics,4,279.5,1118.0,Online,4.0,2024-07-07 00:00:00
S0722,North,Apparel,7,587.06,4109.42,In-store,7.6,2024-04-08 00:00:00
S0723,South,Cosmetics,8,491.62,3932.96,Online,4.4,2024-07-20 00:00:00
S0724,South,Groceries,11,6.53,71.83,In-store,6.4,2024-06-15 00:00:00
S0725,South,Groceries,9,360.34,3243.06,Online,3.8,2024-02-10 00:00:00
S0726,South,Apparel,5,30.62,153.1,Online,4.3,2024-11-24 00:00:00
S0727,South,Groceries,2,597.36,1194.72,In-store,8.1,2024-11-11 00:00:00
S0728,East,Cosmetics,7,383.83,2686.81,Online,4.3,2024-08-25 00:00:00
S0729,South,Cosmetics,5,294.83,1474.15,Online,6.3,2024-04-26 00:00:00
S0730,South,Cosmetics,7,581.44,4070.08,In-store,6.1,2024-10-11 00:00:00
S0731,East,Groceries,5,501.28,2506.4,In-store,5.2,2024-04-13 00:00:00
S0732,East,Apparel,3,267.09,801.27,In-store,4.5,2024-09-22 00:00:00
S0733,South,Electronics,3,258.1,774.3,Online,7.1,2024-08-01 00:00:00
S0734,South,Apparel,2,25.15,50.3,In-store,8.1,2024-02-02 00:00:00
S0735,North,Cosmetics,2,554.86,1109.72,In-store,6.8,2024-01-10 00:00:00
S0736,South,Groceries,7,221.64,1551.48,Online,3.7,2024-09-14 00:00:00
S0737,North,Furniture,4,384.8,1539.2,Online,7.4,2024-02-06 00:00:00
S0738,South,Cosmetics,3,177.32,531.96,In-store,7.3,2024-06-09 00:00:00
S0739,North,Furniture,1,340.15,340.15,In-store,5.5,2024-01-30 00:00:00
S0740,North,Furniture,2,64.76,129.52,Online,7.3,2024-05-22 00:00:00
S0741,North,Furniture,11,300.65,3307.15,In-store,3.6,2024-08-21 00:00:00
S0742,East,Apparel,10,198.58,1985.8,Online,4.1,2024-09-21 00:00:00
S0743,South,Groceries,8,207.55,1660.4,In-store,6.8,2024-09-14 00:00:00
S0744,South,Electronics,5,433.11,2165.55,In-store,9.4,2024-09-19 00:00:00
S0745,East,Electronics,5,359.08,1795.4,In-store,9.6,2024-05-11 00:00:00
S0746,North,Furniture,10,481.95,4819.5,Online,8.8,2024-10-12 00:00:00
S0747,East,Electronics,1,52.32,52.32,In-store,5.2,2024-11-11 00:00:00
S0748,North,Groceries,4,242.53,970.12,In-store,7.8,2024-02-23 00:00:00
S0749,East,Furniture,3,288.01,864.03,In-store,3.8,2024-04-07 00:00:00
S0750,South,Electronics,7,237.67,1663.69,In-store,7.8,2024-10-14 00:00:00
S0751,South,Cosmetics,12,585.82,7029.84,In-store,6.9,2024-04-06 00:00:00
S0752,East,Apparel,7,569.91,3989.37,In-store,3.7,2024-02-11 00:00:00
S0753,North,Furniture,4,411.4,1645.6,Online,8.9,2024-05-17 00:00:00
S0754,South,Furniture,8,287.81,2302.48,In-store,9.9,2024-04-04 00:00:00
S0755,North,Groceries,9,403.33,3629.97,Online,9.3,2024-09-28 00:00:00
S0756,North,Furniture,4,289.65,1158.6,Online,4.4,2024-10-09 00:00:00
S0757,South,Apparel,4,587.65,2350.6,In-store,4.0,2024-04-15 00:00:00
S0758,South,Electronics,7,551.79,3862.53,In-store,6.5,2024-08-13 00:00:00
S0759,North,Groceries,11,228.22,2510.42,Online,6.1,2024-05-03 00:00:00
S0760,South,Cosmetics,1,358.16,358.16,Online,5.1,2024-05-26 00:00:00
S0761,South,Furniture,4,582.2,2328.8,Online,9.3,2024-03-04 00:00:00
S0762,East,Furniture,10,17.51,175.1,In-store,7.1,2024-07-23 00:00:00
S0763,South,Apparel,3,537.56,1612.68,In-store,6.1,2024-04-07 00:00:00
S0764,East,Apparel,2,426.44,852.88,In-store,9.5,2024-05-28 00:00:00
S0765,North,Furniture,10,411.32,4113.2,In-store,6.8,2024-01-20 00:00:00
S0766,East,Apparel,6,156.25,937.5,In-store,9.6,2024-09-25 00:00:00
S0767,South,Furniture,8,272.44,2179.52,In-store,9.5,2024-12-18 00:00:00
S0768,North,Electronics,10,109.28,1092.8,Online,4.9,2024-04-17 00:00:00
S0769,North,Apparel,8,402.14,3217.12,In-store,6.6,2024-01-24 00:00:00
S0770,North,Electronics,11,503.31,5536.41,In-store,4.0,2024-08-19 00:00:00
S0771,South,Cosmetics,1,15.61,15.61,Online,6.2,2024-03-11 00:00:00
S0772,North,Apparel,1,353.84,353.84,In-store,7.6,2024-07-31 00:00:00
S0773,East,Groceries,7,39.08,273.56,In-store,3.7,2024-08-08 00:00:00
S0774,North,Groceries,4,136.8,547.2,Online,9.0,2024-08-04 00:00:00
S0775,South,Groceries,8,420.14,3361.12,In-store,7.3,2024-01-07 00:00:00
S0776,South,Furniture,7,378.7,2650.9,Online,6.7,2024-09-26 00:00:00
S0777,North,Cosmetics,7,66.68,466.76,Online,6.7,2024-08-09 00:00:00
S0778,North,Furniture,9,360.92,3248.28,In-store,9.2,2024-06-04 00:00:00
S0779,South,Furniture,1,365.36,365.36,In-store,7.8,2024-01-02 00:00:00
S0780,North,Apparel,8,537.6,4300.8,In-store,6.0,2024-05-31 00:00:00
S0781,East,Groceries,11,457.94,5037.34,In-store,5.5,2024-04-30 00:00:00
S0782,East,Groceries,10,242.71,2427.1,In-store,6.5,2024-10-09 00:00:00
S0783,North,Furniture,11,437.45,4811.95,In-store,5.5,2024-09-30 00:00:00
S0784,East,Groceries,1,424.45,424.45,Online,5.6,2024-12-25 00:00:00
S0785,North,Groceries,1,460.28,460.28,Online,8.7,2024-05-01 00:00:00
S0786,North,Furniture,12,231.82,2781.84,In-store,7.5,2024-03-13 00:00:00
S0787,East,Cosmetics,2,152.09,304.18,In-store,4.5,2024-08-17 00:00:00
S0788,South,Apparel,3,507.3,1521.9,Online,6.9,2024-09-09 00:00:00
S0789,North,Groceries,1,562.14,562.14,In-store,8.9,2024-12-14 00:00:00
S0790,South,Groceries,12,43.23,518.76,Online,6.0,2024-06-04 00:00:00
S0791,East,Groceries,9,421.95,3797.55,In-store,6.8,2024-03-14 00:00:00
S0792,North,Electronics,8,493.17,3945.36,Online,8.8,2024-04-27 00:00:00
S0793,South,Groceries,1,37.28,37.28,Online,8.5,2024-11-20 00:00:00
S0794,South,Electronics,9,500.34,4503.06,Online,5.5,2024-12-15 00:00:00
S0795,East,Furniture,7,412.2,2885.4,In-store,5.3,2024-05-08 00:00:00
S0796,North,Furniture,10,327.96,3279.6,In-store,9.3,2024-05-04 00:00:00
S0797,East,Groceries,12,419.85,5038.2,Online,8.6,2024-01-04 00:00:00
S0798,East,Apparel,5,197.21,986.05,In-store,8.7,2024-10-03 00:00:00
S0799,North,Apparel,3,268.43,805.29,In-store,9.2,2024-03-23 00:00:00
S0800,North,Groceries,4,48.68,194.72,In-store,4.0,2024-05-06 00:00:00
S0801,South,Cosmetics,8,399.84,3198.72,Online,3.7,2024-06-23 00:00:00
S0802,South,Apparel,4,149.02,596.08,In-store,7.0,2024-12-24 00:00:00
S0803,North,Apparel,3,526.61,1579.83,In-store,5.3,2024-03-01 00:00:00
S0804,South,Apparel,4,264.86,1059.44,Online,9.1,2024-11-22 00:00:00
S0805,East,Groceries,8,185.69,1485.52,Online,6.4,2024-10-17 00:00:00
S0806,South,Cosmetics,8,518.19,4145.52,In-store,6.1,2024-04-28 00:00:00
S0807,East,Electronics,9,422.04,3798.36,In-store,4.7,2024-01-04 00:00:00
S0808,South,Cosmetics,8,528.74,4229.92,Online,7.1,2024-02-13 00:00:00
S0809,South,Cosmetics,7,397.74,2784.18,Online,5.4,2024-08-16 00:00:00
S0810,East,Cosmetics,8,176.2,1409.6,Online,4.6,2024-05-10 00:00:00
S0811,North,Cosmetics,11,302.67,3329.37,Online,5.3,2024-10-01 00:00:00
S0812,North,Cosmetics,8,227.66,1821.28,Online,6.5,2024-07-29 00:00:00
S0813,East,Groceries,12,121.96,1463.52,Online,7.6,2024-04-23 00:00:00
S0814,South,Apparel,5,228.26,1141.3,In-store,7.6,2024-07-06 00:00:00
S0815,North,Apparel,7,68.92,482.44,Online,7.3,2024-08-16 00:00:00
S0816,East,Cosmetics,7,398.39,2788.73,Online,5.1,2024-11-16 00:00:00
S0817,South,Apparel,10,306.81,3068.1,In-store,6.0,2024-09-09 00:00:00
S0818,South,Furniture,12,270.53,3246.36,Online,7.8,2024-03-22 00:00:00
S0819,North,Electronics,1,210.76,210.76,Online,6.7,2024-06-01 00:00:00
S0820,South,Furniture,8,540.64,4325.12,Online,3.8,2024-02-03 00:00:00
S0821,East,Groceries,3,402.19,1206.57,In-store,4.5,2024-09-27 00:00:00
S0822,North,Electronics,12,184.65,2215.8,In-store,7.8,2024-04-24 00:00:00
S0823,South,Apparel,2,31.09,62.18,Online,9.1,2024-07-25 00:00:00
S0824,South,Cosmetics,11,437.49,4812.39,Online,5.2,2024-08-27 00:00:00
S0825,South,Apparel,3,99.8,299.4,Online,7.4,2024-11-30 00:00:00
S0826,North,Electronics,7,458.7,3210.9,In-store,9.8,2024-12-10 00:00:00
S0827,East,Groceries,5,321.82,1609.1,In-store,6.0,2024-11-13 00:00:00
S0828,South,Cosmetics,6,12.67,76.02,In-store,5.5,2024-04-28 00:00:00
S0829,South,Electronics,10,424.07,4240.7,In-store,7.1,2024-09-01 00:00:00
S0830,East,Cosmetics,10,216.88,2168.8,Online,9.9,2024-01-06 00:00:00
S0831,North,Furniture,10,526.99,5269.9,In-store,7.6,2024-11-27 00:00:00
S0832,South,Furniture,6,301.24,1807.44,Online,6.7,2024-01-19 00:00:00
S0833,North,Apparel,8,463.86,3710.88,In-store,8.6,2024-12-21 00:00:00
S0834,East,Electronics,5,178.82,894.1,In-store,8.7,2024-11-15 00:00:00
S0835,South,Furniture,11,508.41,5592.51,In-store,7.4,2024-04-11 00:00:00
S0836,North,Groceries,5,241.91,1209.55,In-store,5.8,2024-04-08 00:00:00
S0837,South,Apparel,10,92.32,923.2,Online,5.9,2024-10-28 00:00:00
S0838,South,Apparel,3,578.25,1734.75,In-store,5.3,2024-08-20 00:00:00
S0839,East,Furniture,5,460.1,2300.5,In-store,5.2,2024-01-07 00:00:00
S0840,South,Electronics,4,201.41,805.64,In-store,5.2,2024-06-24 00:00:00
S0841,East,Apparel,1,439.08,439.08,In-store,3.6,2024-05-19 00:00:00
S0842,North,Apparel,3,131.2,393.6,In-store,4.3,2024-04-02 00:00:00
S0843,East,Cosmetics,7,153.8,1076.6,In-store,5.5,2024-09-26 00:00:00
S0844,East,Groceries,9,465.61,4190.49,In-store,6.2,2024-11-14 00:00:00
S0845,South,Cosmetics,5,339.25,1696.25,In-store,9.4,2024-05-05 00:00:00
S0846,North,Electronics,5,366.96,1834.8,Online,9.3,2024-01-18 00:00:00
S0847,North,Electronics,4,421.85,1687.4,In-store,5.8,2024-09-12 00:00:00
S0848,North,Electronics,6,400.84,2405.04,In-store,6.9,2024-08-31 00:00:00
S0849,South,Groceries,4,31.85,127.4,Online,5.3,2024-03-01 00:00:00
S0850,East,Electronics,8,93.6,748.8,Online,6.9,2024-03-17 00:00:00
S0851,North,Furniture,7,80.31,562.17,In-store,6.6,2024-09-02 00:00:00
S0852,North,Apparel,6,472.23,2833.38,Online,9.8,2024-09-07 00:00:00
S0853,East,Groceries,4,123.42,493.68,In-store,8.5,2024-04-24 00:00:00
S0854,South,Electronics,10,459.92,4599.2,Online,4.7,2024-10-13 00:00:00
S0855,South,Groceries,12,387.18,4646.16,In-store,4.2,2024-10-03 00:00:00
S0856,East,Cosmetics,1,181.76,181.76,In-store,6.6,2024-06-24 00:00:00
S0857,North,Electronics,5,489.93,2449.65,In-store,4.7,2024-04-14 00:00:00
S0858,South,Electronics,6,408.0,2448.0,Online,9.7,2024-02-12 00:00:00
S0859,East,Groceries,9,423.94,3815.46,Online,3.6,2024-09-06 00:00:00
S0860,East,Apparel,8,564.99,4519.92,In-store,9.5,2024-07-29 00:00:00
S0861,North,Apparel,10,165.96,1659.6,Online,6.5,2024-04-16 00:00:00
S0862,North,Electronics,12,518.13,6217.56,Online,9.3,2024-12-06 00:00:00
S0863,North,Cosmetics,11,351.9,3870.9,In-store,5.9,2024-01-02 00:00:00
S0864,North,Furniture,7,254.39,1780.73,Online,6.7,2024-10-26 00:00:00
S0865,South,Electronics,12,524.37,6292.44,In-store,8.5,2024-03-30 00:00:00
S0866,South,Electronics,3,467.63,1402.89,In-store,5.3,2024-02-13 00:00:00
S0867,East,Apparel,4,73.58,294.32,Online,9.3,2024-09-18 00:00:00
S0868,East,Electronics,9,310.01,2790.09,Online,3.6,2024-06-17 00:00:00
S0869,North,Groceries,4,191.34,765.36,In-store,4.7,2024-02-17 00:00:00
S0870,East,Electronics,8,293.19,2345.52,In-store,5.5,2024-11-20 00:00:00
S0871,East,Furniture,4,90.23,360.92,In-store,8.5,2024-03-26 00:00:00
S0872,North,Apparel,1,209.73,209.73,Online,8.3,2024-08-13 00:00:00
S0873,East,Apparel,2,74.8,149.6,Online,9.5,2024-11-27 00:00:00
S0874,East,Groceries,1,395.32,395.32,In-store,7.3,2024-08-03 00:00:00
S0875,South,Cosmetics,10,36.89,368.9,In-store,3.9,2024-05-02 00:00:00
S0876,East,Cosmetics,9,314.01,2826.09,Online,6.3,2024-07-09 00:00:00
S0877,North,Cosmetics,5,583.27,2916.35,Online,5.6,2024-02-28 00:00:00
S0878,North,Furniture,7,299.97,2099.79,Online,5.9,2024-05-02 00:00:00
S0879,North,Apparel,10,14.14,141.4,In-store,7.9,2024-01-30 00:00:00
S0880,North,Cosmetics,4,502.7,2010.8,In-store,8.9,2024-08-28 00:00:00
S0881,North,Electronics,8,235.54,1884.32,In-store,4.2,2024-10-30 00:00:00
S0882,South,Electronics,12,430.53,5166.36,Online,6.3,2024-04-20 00:00:00
S0883,South,Furniture,2,436.11,872.22,In-store,8.6,2024-11-11 00:00:00
S0884,East,Groceries,3,64.31,192.93,In-store,6.2,2024-09-14 00:00:00
S0885,North,Furniture,12,439.51,5274.12,Online,6.4,2024-04-21 00:00:00
S0886,North,Cosmetics,10,536.56,5365.6,Online,8.2,2024-09-22 00:00:00
S0887,East,Groceries,6,580.27,3481.62,In-store,9.2,2024-01-10 00:00:00
S0888,East,Electronics,2,154.0,308.0,In-store,9.0,2024-08-17 00:00:00
S0889,North,Electronics,2,196.61,393.22,In-store,7.0,2024-03-17 00:00:00
S0890,East,Apparel,9,164.14,1477.26,In-store,8.6,2024-03-20 00:00:00
S0891,South,Electronics,5,160.89,804.45,Online,7.3,2024-08-15 00:00:00
S0892,East,Apparel,3,526.46,1579.38,Online,6.1,2024-06-05 00:00:00
S0893,South,Electronics,7,512.46,3587.22,In-store,9.4,2024-08-05 00:00:00
S0894,East,Apparel,11,154.14,1695.54,Online,6.0,2024-05-19 00:00:00
S0895,South,Cosmetics,3,81.48,244.44,Online,4.4,2024-11-25 00:00:00
S0896,East,Apparel,6,590.94,3545.64,Online,7.9,2024-08-09 00:00:00
S0897,South,Groceries,3,46.02,138.06,Online,4.2,2024-05-31 00:00:00
S0898,East,Electronics,9,302.12,2719.08,In-store,8.9,2024-06-26 00:00:00
S0899,North,Furniture,11,475.46,5230.06,Online,7.2,2024-01-12 00:00:00
S0900,East,Groceries,3,341.96,1025.88,In-store,4.8,2024-09-07 00:00:00
S0901,South,Cosmetics,9,453.25,4079.25,Online,9.0,2024-06-05 00:00:00
S0902,North,Cosmetics,5,594.71,2973.55,In-store,8.6,2024-10-10 00:00:00
S0903,East,Electronics,5,427.0,2135.0,In-store,5.3,2024-05-19 00:00:00
S0904,North,Groceries,10,56.61,566.1,In-store,5.8,2024-04-05 00:00:00
S0905,South,Electronics,11,264.42,2908.62,Online,9.1,2024-12-02 00:00:00
S0906,North,Furniture,9,308.84,2779.56,Online,7.1,2024-01-16 00:00:00
S0907,East,Cosmetics,4,223.84,895.36,Online,7.1,2024-08-02 00:00:00
S0908,North,Apparel,10,283.65,2836.5,Online,3.6,2024-06-11 00:00:00
S0909,North,Electronics,3,20.27,60.81,Online,5.5,2024-12-18 00:00:00
S0910,North,Cosmetics,2,306.36,612.72,Online,7.0,2024-05-31 00:00:00
S0911,South,Electronics,6,109.52,657.12,In-store,6.1,2024-03-05 00:00:00
S0912,East,Apparel,5,234.14,1170.7,Online,6.1,2024-02-14 00:00:00
S0913,South,Groceries,9,201.23,1811.07,Online,7.2,2024-11-08 00:00:00
S0914,South,Apparel,2,95.41,190.82,In-store,3.6,2024-02-20 00:00:00
S0915,South,Apparel,2,112.16,224.32,In-store,3.9,2024-05-20 00:00:00
S0916,South,Apparel,12,79.36,952.32,Online,9.5,2024-08-21 00:00:00
S0917,North,Apparel,8,393.28,3146.24,In-store,5.6,2024-09-19 00:00:00
S0918,North,Apparel,2,448.63,897.26,In-store,7.9,2024-07-01 00:00:00
S0919,South,Cosmetics,9,335.39,3018.51,In-store,4.4,2024-02-06 00:00:00
S0920,East,Electronics,5,378.91,1894.55,In-store,3.8,2024-09-27 00:00:00
S0921,East,Electronics,5,334.62,1673.1,In-store,9.4,2024-10-02 00:00:00
S0922,North,Groceries,2,84.33,168.66,Online,9.7,2024-08-14 00:00:00
S0923,East,Groceries,11,375.79,4133.69,Online,3.8,2024-01-06 00:00:00
S0924,North,Cosmetics,12,145.96,1751.52,Online,4.5,2024-09-27 00:00:00
S0925,South,Apparel,12,347.82,4173.84,Online,9.7,2024-04-28 00:00:00
S0926,East,Cosmetics,11,193.0,2123.0,Online,5.9,2024-03-05 00:00:00
S0927,North,Furniture,11,375.98,4135.78,In-store,9.7,2024-01-04 00:00:00
S0928,East,Cosmetics,12,538.87,6466.44,Online,3.6,2024-09-01 00:00:00
S0929,South,Apparel,12,497.75,5973.0,Online,7.7,2024-01-24 00:00:00
S0930,North,Furniture,2,284.06,568.12,In-store,5.6,2024-05-13 00:00:00
S0931,North,Cosmetics,11,271.33,2984.63,In-store,7.3,2024-09-28 00:00:00
S0932,South,Electronics,10,325.94,3259.4,In-store,4.0,2024-03-04 00:00:00
S0933,North,Furniture,9,210.62,1895.58,In-store,9.5,2024-12-07 00:00:00
S0934,North,Electronics,4,575.44,2301.76,Online,5.7,2024-07-24 00:00:00
S0935,North,Furniture,5,175.42,877.1,In-store,5.5,2024-12-10 00:00:00
S0936,East,Apparel,9,236.83,2131.47,Online,6.6,2024-08-25 00:00:00
S0937,North,Cosmetics,5,243.74,1218.7,In-store,4.7,2024-09-16 00:00:00
S0938,South,Electronics,1,512.88,512.88,Online,5.3,2024-11-08 00:00:00
S0939,North,Furniture,10,71.19,711.9,In-store,9.4,2024-07-17 00:00:00
S0940,South,Apparel,10,452.18,4521.8,In-store,8.8,2024-03-13 00:00:00
S0941,North,Furniture,3,475.48,1426.44,Online,6.5,2024-06-09 00:00:00
S0942,North,Groceries,4,562.28,2249.12,In-store,4.9,2024-07-28 00:00:00
S0943,South,Apparel,9,158.49,1426.41,Online,4.0,2024-09-30 00:00:00
S0944,East,Apparel,5,419.25,2096.25,Online,7.3,2024-12-29 00:00:00
S0945,South,Groceries,7,526.84,3687.88,In-store,6.2,2024-05-31 00:00:00
S0946,North,Furniture,5,14.69,73.45,Online,5.0,2024-12-28 00:00:00
S0947,North,Furniture,9,393.24,3539.16,In-store,4.0,2024-12-22 00:00:00
S0948,North,Groceries,5,212.29,1061.45,In-store,6.4,2024-04-30 00:00:00
S0949,East,Apparel,3,556.2,1668.6,In-store,9.9,2024-08-30 00:00:00
S0950,South,Cosmetics,11,469.27,5161.97,Online,4.1,2024-01-13 00:00:00
S0951,East,Groceries,9,324.55,2920.95,Online,8.7,2024-08-12 00:00:00
S0952,South,Furniture,6,115.11,690.66,In-store,6.3,2024-01-02 00:00:00
S0953,East,Furniture,11,59.97,659.67,Online,4.3,2024-08-14 00:00:00
S0954,East,Electronics,10,517.66,5176.6,Online,9.9,2024-01-14 00:00:00
S0955,South,Groceries,10,508.51,5085.1,Online,6.3,2024-05-01 00:00:00
S0956,South,Electronics,4,354.84,1419.36,Online,7.7,2024-04-27 00:00:00
S0957,North,Cosmetics,2,141.98,283.96,Online,5.6,2024-06-10 00:00:00
S0958,South,Cosmetics,8,561.03,4488.24,Online,5.6,2024-08-17 00:00:00
S0959,East,Groceries,3,323.5,970.5,In-store,7.1,2024-09-09 00:00:00
S0960,North,Apparel,2,48.6,97.2,Online,4.0,2024-12-12 00:00:00
S0961,South,Cosmetics,7,286.22,2003.54,Online,7.5,2024-08-04 00:00:00
S0962,South,Apparel,8,115.73,925.84,Online,9.3,2024-10-12 00:00:00
S0963,North,Furniture,3,200.49,601.47,Online,5.1,2024-12-19 00:00:00
S0964,South,Cosmetics,7,304.62,2132.34,Online,4.8,2024-06-25 00:00:00
S0965,South,Groceries,6,43.82,262.92,In-store,4.7,2024-08-24 00:00:00
S0966,East,Cosmetics,11,580.73,6388.03,Online,6.1,2024-10-23 00:00:00
S0967,North,Groceries,1,315.18,315.18,Online,4.8,2024-06-25 00:00:00
S0968,North,Apparel,7,198.58,1390.06,Online,7.0,2024-05-14 00:00:00
S0969,North,Electronics,4,469.0,1876.0,In-store,8.3,2024-09-13 00:00:00
S0970,South,Groceries,1,26.73,26.73,Online,3.7,2024-07-18 00:00:00
S0971,East,Cosmetics,9,502.2,4519.8,In-store,9.9,2024-01-09 00:00:00
S0972,East,Cosmetics,11,442.76,4870.36,Online,7.3,2024-03-21 00:00:00
S0973,South,Apparel,11,429.97,4729.67,In-store,8.5,2024-09-29 00:00:00
S0974,South,Apparel,8,16.77,134.16,Online,3.9,2024-02-07 00:00:00
S0975,North,Furniture,8,489.77,3918.16,In-store,9.1,2024-09-02 00:00:00
S0976,North,Apparel,2,476.09,952.18,Online,6.0,2024-09-29 00:00:00
S0977,North,Cosmetics,11,312.1,3433.1,Online,4.3,2024-06-15 00:00:00
S0978,East,Cosmetics,10,6.13,61.3,Online,9.9,2024-11-20 00:00:00
S0979,North,Electronics,11,578.21,6360.31,Online,5.0,2024-06-15 00:00:00
S0980,North,Apparel,6,237.89,1427.34,In-store,7.8,2024-09-13 00:00:00
S0981,South,Furniture,8,123.52,988.16,Online,8.5,2024-06-21 00:00:00
S0982,South,Electronics,7,127.59,893.13,In-store,3.8,2024-06-22 00:00:00
S0983,North,Cosmetics,12,235.74,2828.88,In-store,4.0,2024-02-19 00:00:00
S0984,North,Cosmetics,2,190.24,380.48,Online,9.1,2024-02-14 00:00:00
S0985,North,Electronics,12,417.82,5013.84,Online,8.2,2024-11-13 00:00:00
S0986,East,Cosmetics,9,140.32,1262.88,In-store,5.1,2024-06-25 00:00:00
S0987,South,Cosmetics,3,386.99,1160.97,Online,6.4,2024-09-17 00:00:00
S0988,South,Electronics,8,40.17,321.36,Online,6.6,2024-10-22 00:00:00
S0989,East,Furniture,11,384.32,4227.52,In-store,7.7,2024-10-04 00:00:00
S0990,North,Electronics,12,80.38,964.56,Online,9.0,2024-03-23 00:00:00
S0991,East,Apparel,8,100.39,803.12,In-store,6.0,2024-04-15 00:00:00
S0992,South,Electronics,8,6.47,51.76,In-store,4.4,2024-05-14 00:00:00
S0993,North,Groceries,6,199.42,1196.52,In-store,8.3,2024-09-09 00:00:00
S0994,North,Groceries,11,6.69,73.59,In-store,6.5,2024-04-15 00:00:00
S0995,North,Furniture,8,535.42,4283.36,In-store,7.1,2024-03-01 00:00:00
S0996,East,Furniture,1,195.02,195.02,Online,7.6,2024-11-13 00:00:00
S0997,East,Groceries,7,320.63,2244.41,Online,8.9,2024-06-01 00:00:00
S0998,North,Electronics,2,532.42,1064.84,In-store,5.8,2024-04-12 00:00:00
S0999,South,Apparel,10,516.68,5166.8,Online,5.2,2024-10-20 00:00:00
S1000,North,Apparel,2,405.65,811.3,In-store,6.2,2024-08-05 00:00:00
S1001,North,Apparel,9,114.66,1031.94,Online,7.7,2024-11-22 00:00:00
S1002,East,Electronics,3,317.19,951.57,In-store,7.0,2024-03-27 00:00:00
S1003,North,Cosmetics,4,148.86,595.44,Online,6.5,2024-12-21 00:00:00
S1004,North,Electronics,6,395.4,2372.4,Online,7.3,2024-09-28 00:00:00
S1005,North,Furniture,1,20.84,20.84,Online,4.2,2024-07-08 00:00:00
S1006,South,Furniture,4,561.44,2245.76,In-store,5.9,2024-07-21 00:00:00
S1007,East,Electronics,10,256.8,2568.0,Online,9.8,2024-04-14 00:00:00
S1008,South,Cosmetics,4,102.85,411.4,Online,6.3,2024-08-28 00:00:00
S1009,North,Cosmetics,4,442.74,1770.96,In-store,6.2,2024-05-17 00:00:00
S1010,South,Apparel,12,184.47,2213.64,In-store,8.0,2024-01-23 00:00:00
S1011,East,Groceries,8,301.01,2408.08,In-store,4.6,2024-06-06 00:00:00
S1012,South,Groceries,5,67.61,338.05,Online,9.2,2024-08-12 00:00:00
S1013,South,Furniture,8,582.35,4658.8,In-store,6.9,2024-07-17 00:00:00
S1014,North,Furniture,10,84.46,844.6,Online,9.8,2024-05-24 00:00:00
S1015,South,Apparel,3,214.3,642.9,In-store,6.7,2024-01-03 00:00:00
S1016,North,Apparel,3,83.94,251.82,Online,6.1,2024-07-16 00:00:00
S1017,South,Furniture,3,579.58,1738.74,Online,7.7,2024-10-31 00:00:00
S1018,North,Electronics,4,203.97,815.88,Online,9.4,2024-06-06 00:00:00
S1019,South,Apparel,6,252.81,1516.86,In-store,9.5,2024-07-07 00:00:00
S1020,North,Electronics,4,168.98,675.92,In-store,5.3,2024-09-06 00:00:00
S1021,North,Electronics,12,588.6,7063.2,In-store,8.7,2024-02-08 00:00:00
S1022,East,Apparel,7,305.79,2140.53,Online,4.3,2024-02-21 00:00:00
S1023,North,Cosmetics,6,297.86,1787.16,Online,9.3,2024-09-01 00:00:00
S1024,North,Cosmetics,6,158.4,950.4,Online,3.8,2024-03-24 00:00:00
S1025,East,Cosmetics,12,525.41,6304.92,Online,5.0,2024-05-16 00:00:00
S1026,South,Apparel,8,8.63,69.04,Online,6.8,2024-11-08 00:00:00
S1027,South,Furniture,5,517.21,2586.05,Online,5.1,2024-11-21 00:00:00
S1028,East,Electronics,3,547.7,1643.1,In-store,4.4,2024-01-05 00:00:00
S1029,East,Apparel,3,129.64,388.92,In-store,5.4,2024-01-27 00:00:00
S1030,North,Electronics,6,591.02,3546.12,In-store,5.2,2024-03-20 00:00:00
S1031,North,Electronics,5,468.83,2344.15,Online,6.8,2024-04-20 00:00:00
S1032,South,Cosmetics,8,104.37,834.96,In-store,6.9,2024-04-02 00:00:00
S1033,South,Groceries,3,96.17,288.51,In-store,4.1,2024-02-12 00:00:00
S1034,North,Electronics,7,597.29,4181.03,Online,5.0,2024-01-25 00:00:00
S1035,North,Cosmetics,6,56.32,337.92,In-store,4.1,2024-12-23 00:00:00
S1036,North,Furniture,1,492.85,492.85,Online,6.6,2024-08-16 00:00:00
S1037,South,Groceries,6,60.78,364.68,Online,6.1,2024-06-21 00:00:00
S1038,East,Furniture,1,145.04,145.04,Online,9.8,2024-06-29 00:00:00
S1039,South,Electronics,2,377.6,755.2,In-store,4.3,2024-04-20 00:00:00
S1040,East,Electronics,12,82.15,985.8,Online,9.7,2024-02-09 00:00:00
S1041,South,Electronics,3,160.99,482.97,Online,4.1,2024-06-21 00:00:00
S1042,East,Groceries,4,339.55,1358.2,Online,7.4,2024-11-10 00:00:00
S1043,East,Groceries,7,463.75,3246.25,Online,4.2,2024-04-01 00:00:00
S1044,East,Groceries,11,34.52,379.72,In-store,5.1,2024-07-12 00:00:00
S1045,South,Groceries,9,242.37,2181.33,Online,4.0,2024-08-19 00:00:00
S1046,South,Cosmetics,1,224.27,224.27,In-store,9.9,2024-11-22 00:00:00
S1047,East,Apparel,7,112.8,789.6,In-store,3.6,2024-03-17 00:00:00
S1048,South,Apparel,1,522.16,522.16,In-store,8.8,2024-08-27 00:00:00
S1049,North,Apparel,11,60.15,661.65,Online,6.8,2024-09-29 00:00:00
S1050,South,Electronics,4,234.13,936.52,In-store,5.6,2024-03-10 00:00:00
S1051,South,Electronics,5,541.72,2708.6,In-store,4.0,2024-11-19 00:00:00
S1052,East,Apparel,10,19.73,197.3,In-store,7.5,2024-05-14 00:00:00
S1053,South,Apparel,11,182.37,2006.07,Online,8.6,2024-12-14 00:00:00
S1054,North,Groceries,8,353.28,2826.24,Online,6.9,2024-01-17 00:00:00
S1055,East,Cosmetics,5,385.77,1928.85,In-store,7.1,2024-08-03 00:00:00
S1056,South,Apparel,8,15.58,124.64,Online,6.5,2024-09-06 00:00:00
S1057,South,Electronics,7,6.28,43.96,Online,7.6,2024-09-17 00:00:00
S1058,North,Electronics,9,288.03,2592.27,Online,6.0,2024-07-10 00:00:00
S1059,North,Furniture,12,231.68,2780.16,Online,3.7,2024-08-19 00:00:00
S1060,East,Electronics,9,502.1,4518.9,Online,5.7,2024-12-13 00:00:00
S1061,North,Electronics,2,329.24,658.48,Online,5.2,2024-07-29 00:00:00
S1062,North,Furniture,6,406.25,2437.5,In-store,3.5,2024-02-02 00:00:00
S1063,East,Cosmetics,9,508.49,4576.41,Online,7.5,2024-06-16 00:00:00
S1064,North,Cosmetics,3,453.11,1359.33,Online,9.3,2024-11-26 00:00:00
S1065,North,Groceries,4,543.32,2173.28,In-store,9.6,2024-09-08 00:00:00
S1066,North,Furniture,2,196.13,392.26,Online,6.7,2024-06-16 00:00:00
S1067,East,Electronics,5,399.05,1995.25,In-store,7.2,2024-08-03 00:00:00
S1068,North,Electronics,5,430.27,2151.35,Online,5.4,2024-07-05 00:00:00
S1069,South,Cosmetics,11,230.45,2534.95,Online,5.2,2024-11-21 00:00:00
S1070,North,Cosmetics,5,68.22,341.1,Online,9.2,2024-06-13 00:00:00
S1071,East,Cosmetics,1,599.63,599.63,In-store,8.7,2024-04-16 00:00:00
S1072,North,Cosmetics,9,352.43,3171.87,Online,7.8,2024-05-29 00:00:00
S1073,East,Cosmetics,2,343.08,686.16,In-store,4.3,2024-10-09 00:00:00
S1074,South,Cosmetics,11,18.26,200.86,Online,5.2,2024-09-17 00:00:00
S1075,North,Cosmetics,2,394.01,788.02,Online,5.3,2024-02-28 00:00:00
S1076,East,Apparel,11,99.2,1091.2,In-store,8.9,2024-10-04 00:00:00
S1077,South,Apparel,4,156.45,625.8,In-store,7.1,2024-10-19 00:00:00
S1078,South,Furniture,11,163.58,1799.38,In-store,4.0,2024-07-02 00:00:00
S1079,East,Groceries,2,413.38,826.76,In-store,7.9,2024-04-24 00:00:00
S1080,North,Furniture,11,41.28,454.08,In-store,5.3,2024-09-20 00:00:00
S1081,South,Apparel,4,67.07,268.28,Online,7.0,2024-03-03 00:00:00
S1082,South,Apparel,8,458.65,3669.2,Online,8.2,2024-11-03 00:00:00
S1083,East,Electronics,4,45.95,183.8,In-store,9.9,2024-06-07 00:00:00
S1084,South,Furniture,10,224.98,2249.8,In-store,4.9,2024-10-12 00:00:00
S1085,East,Groceries,11,438.55,4824.05,In-store,4.0,2024-07-05 00:00:00
S1086,North,Electronics,9,286.28,2576.52,Online,3.9,2024-10-14 00:00:00
S1087,North,Electronics,9,444.57,4001.13,In-store,8.9,2024-03-10 00:00:00
S1088,East,Cosmetics,6,431.44,2588.64,Online,9.1,2024-02-05 00:00:00
S1089,East,Electronics,6,291.42,1748.52,In-store,6.6,2024-10-02 00:00:00
S1090,South,Apparel,1,36.28,36.28,Online,7.3,2024-03-30 00:00:00
S1091,South,Groceries,6,595.48,3572.88,Online,7.6,2024-08-13 00:00:00
S1092,East,Apparel,9,278.8,2509.2,In-store,10.0,2024-04-15 00:00:00
S1093,North,Cosmetics,3,320.1,960.3,In-store,3.8,2024-07-27 00:00:00
S1094,East,Groceries,3,515.0,1545.0,Online,9.1,2024-09-14 00:00:00
S1095,South,Cosmetics,7,69.58,487.06,In-store,5.6,2024-09-23 00:00:00
S1096,East,Electronics,5,41.43,207.15,Online,8.6,2024-06-28 00:00:00
S1097,North,Apparel,4,434.21,1736.84,In-store,4.7,2024-06-02 00:00:00
S1098,East,Furniture,7,132.8,929.6,Online,5.3,2024-12-08 00:00:00
S1099,East,Apparel,8,249.91,1999.28,In-store,5.0,2024-10-25 00:00:00
S1100,East,Cosmetics,9,215.65,1940.85,In-store,4.1,2024-02-27 00:00:00
S1101,North,Furniture,8,92.29,738.32,Online,9.3,2024-06-23 00:00:00
S1102,North,Electronics,4,545.29,2181.16,Online,6.5,2024-12-24 00:00:00
S1103,South,Groceries,11,449.0,4939.0,Online,7.9,2024-08-07 00:00:00
S1104,East,Cosmetics,10,460.48,4604.8,Online,9.0,2024-08-31 00:00:00
S1105,North,Groceries,6,74.6,447.6,In-store,8.5,2024-07-10 00:00:00
S1106,East,Apparel,5,226.36,1131.8,Online,4.9,2024-03-06 00:00:00
S1107,East,Electronics,2,413.78,827.56,In-store,9.8,2024-08-21 00:00:00
S1108,North,Electronics,3,503.72,1511.16,Online,9.8,2024-05-26 00:00:00
S1109,South,Cosmetics,10,165.05,1650.5,Online,6.3,2024-03-15 00:00:00
S1110,South,Electronics,11,331.11,3642.21,Online,5.3,2024-08-07 00:00:00
S1111,South,Furniture,10,351.36,3513.6,In-store,3.8,2024-02-08 00:00:00
S1112,North,Furniture,4,500.93,2003.72,In-store,3.9,2024-03-20 00:00:00
S1113,East,Electronics,8,560.71,4485.68,In-store,4.7,2024-06-05 00:00:00
S1114,North,Electronics,4,482.48,1929.92,Online,3.7,2024-02-12 00:00:00
S1115,South,Groceries,12,327.92,3935.04,In-store,5.6,2024-07-19 00:00:00
S1116,South,Furniture,12,336.46,4037.52,Online,6.0,2024-12-29 00:00:00
S1117,North,Apparel,10,526.36,5263.6,Online,8.5,2024-12-02 00:00:00
S1118,North,Furniture,7,558.41,3908.87,Online,7.0,2024-03-09 00:00:00
S1119,East,Furniture,12,514.83,6177.96,Online,6.0,2024-03-25 00:00:00
S1120,East,Groceries,4,393.89,1575.56,In-store,6.9,2024-01-07 00:00:00
S1121,South,Groceries,7,575.03,4025.21,Online,8.9,2024-08-31 00:00:00
S1122,South,Groceries,2,133.98,267.96,In-store,4.9,2024-12-25 00:00:00
S1123,East,Cosmetics,8,108.35,866.8,Online,8.1,2024-10-21 00:00:00
S1124,North,Cosmetics,5,283.87,1419.35,In-store,9.3,2024-10-27 00:00:00
S1125,South,Cosmetics,9,361.99,3257.91,Online,9.8,2024-03-15 00:00:00
S1126,North,Cosmetics,6,320.9,1925.4,In-store,9.6,2024-05-29 00:00:00
S1127,East,Furniture,7,394.47,2761.29,Online,3.7,2024-01-07 00:00:00
S1128,North,Furniture,4,281.51,1126.04,Online,4.1,2024-10-29 00:00:00
S1129,South,Cosmetics,4,59.96,239.84,Online,7.1,2024-09-16 00:00:00
S1130,South,Electronics,2,326.08,652.16,In-store,4.7,2024-12-30 00:00:00
S1131,South,Groceries,2,468.83,937.66,In-store,5.8,2024-02-19 00:00:00
S1132,East,Furniture,10,59.94,599.4,Online,5.9,2024-08-27 00:00:00
S1133,South,Electronics,4,290.57,1162.28,Online,5.7,2024-09-20 00:00:00
S1134,South,Apparel,12,148.81,1785.72,In-store,6.0,2024-08-02 00:00:00
S1135,South,Cosmetics,7,138.05,966.35,In-store,5.9,2024-12-05 00:00:00
S1136,North,Electronics,12,298.53,3582.36,In-store,5.4,2024-10-06 00:00:00
S1137,North,Groceries,5,575.52,2877.6,Online,4.8,2024-03-19 00:00:00
S1138,North,Apparel,2,312.76,625.52,In-store,4.6,2024-06-05 00:00:00
S1139,South,Furniture,4,543.24,2172.96,Online,8.9,2024-02-26 00:00:00
S1140,North,Furniture,2,398.25,796.5,Online,8.7,2024-08-16 00:00:00
S1141,East,Electronics,5,332.26,1661.3,Online,6.2,2024-02-13 00:00:00
S1142,North,Groceries,12,447.46,5369.52,In-store,3.7,2024-08-27 00:00:00
S1143,East,Groceries,9,338.02,3042.18,In-store,3.9,2024-07-11 00:00:00
S1144,East,Electronics,5,287.18,1435.9,Online,6.6,2024-03-23 00:00:00
S1145,East,Apparel,1,191.27,191.27,Online,8.7,2024-03-07 00:00:00
S1146,East,Groceries,4,48.73,194.92,Online,4.8,2024-05-15 00:00:00
S1147,North,Apparel,1,419.61,419.61,In-store,4.0,2024-08-29 00:00:00
S1148,East,Groceries,3,210.92,632.76,In-store,8.6,2024-09-18 00:00:00
S1149,North,Electronics,2,106.84,213.68,Online,4.6,2024-06-13 00:00:00
S1150,North,Apparel,2,135.96,271.92,Online,5.6,2024-07-07 00:00:00
S1151,South,Groceries,10,562.07,5620.7,In-store,9.0,2024-09-16 00:00:00
S1152,North,Cosmetics,6,381.12,2286.72,In-store,4.4,2024-06-02 00:00:00
S1153,East,Apparel,1,93.86,93.86,Online,5.6,2024-09-01 00:00:00
S1154,East,Groceries,9,288.72,2598.48,Online,5.2,2024-10-28 00:00:00
S1155,North,Electronics,12,159.37,1912.44,Online,6.5,2024-11-12 00:00:00
S1156,North,Apparel,6,449.66,2697.96,In-store,7.1,2024-01-05 00:00:00
S1157,North,Furniture,12,380.41,4564.92,In-store,6.6,2024-05-28 00:00:00
S1158,East,Cosmetics,9,546.32,4916.88,Online,4.6,2024-09-11 00:00:00
S1159,East,Groceries,3,186.09,558.27,In-store,9.2,2024-02-06 00:00:00
S1160,East,Electronics,5,152.74,763.7,In-store,6.1,2024-06-14 00:00:00
S1161,East,Cosmetics,10,104.65,1046.5,In-store,6.9,2024-10-02 00:00:00
S1162,South,Electronics,4,571.66,2286.64,In-store,8.0,2024-12-18 00:00:00
S1163,East,Electronics,2,308.49,616.98,Online,9.5,2024-05-31 00:00:00
S1164,South,Groceries,7,127.39,891.73,Online,5.4,2024-08-20 00:00:00
S1165,East,Cosmetics,3,24.49,73.47,Online,5.2,2024-08-10 00:00:00
S1166,East,Furniture,6,320.32,1921.92,In-store,7.9,2024-02-26 00:00:00
S1167,South,Cosmetics,2,7.83,15.66,Online,4.0,2024-05-07 00:00:00
S1168,East,Electronics,9,574.76,5172.84,In-store,8.9,2024-02-08 00:00:00
S1169,North,Furniture,12,500.52,6006.24,Online,8.0,2024-06-23 00:00:00
S1170,South,Cosmetics,4,80.98,323.92,Online,4.4,2024-05-03 00:00:00
S1171,East,Groceries,8,52.64,421.12,Online,6.4,2024-03-09 00:00:00
S1172,North,Apparel,5,533.89,2669.45,In-store,8.4,2024-10-21 00:00:00
S1173,South,Furniture,1,372.19,372.19,In-store,5.4,2024-06-07 00:00:00
S1174,South,Groceries,11,255.8,2813.8,Online,8.0,2024-10-28 00:00:00
S1175,North,Apparel,9,576.96,5192.64,In-store,8.6,2024-07-01 00:00:00
S1176,North,Cosmetics,11,463.12,5094.32,In-store,7.2,2024-07-22 00:00:00
S1177,East,Furniture,6,276.24,1657.44,In-store,5.3,2024-05-20 00:00:00
S1178,East,Groceries,3,383.72,1151.16,Online,4.3,2024-07-03 00:00:00
S1179,East,Apparel,1,542.99,542.99,In-store,5.5,2024-02-04 00:00:00
S1180,North,Furniture,4,134.07,536.28,In-store,9.0,2024-10-15 00:00:00
S1181,North,Furniture,11,458.64,5045.04,In-store,9.5,2024-03-11 00:00:00
S1182,East,Groceries,2,420.87,841.74,In-store,9.0,2024-11-29 00:00:00
S1183,South,Groceries,10,183.41,1834.1,In-store,3.8,2024-07-05 00:00:00
S1184,East,Groceries,4,80.31,321.24,Online,6.3,2024-03-15 00:00:00
S1185,South,Electronics,11,180.84,1989.24,In-store,6.6,2024-04-18 00:00:00
S1186,East,Furniture,7,523.42,3663.94,Online,3.9,2024-11-13 00:00:00
S1187,East,Cosmetics,9,128.66,1157.94,In-store,5.3,2024-09-21 00:00:00
S1188,South,Furniture,4,277.36,1109.44,Online,4.9,2024-09-17 00:00:00
S1189,East,Groceries,12,352.12,4225.44,In-store,9.4,2024-12-18 00:00:00
S1190,East,Groceries,8,529.29,4234.32,Online,7.9,2024-03-02 00:00:00
S1191,South,Apparel,12,159.14,1909.68,In-store,4.9,2024-05-30 00:00:00
S1192,East,Apparel,8,598.71,4789.68,In-store,7.0,2024-09-13 00:00:00
S1193,East,Apparel,6,99.97,599.82,In-store,6.9,2024-02-26 00:00:00
S1194,South,Furniture,6,418.19,2509.14,In-store,6.4,2024-07-04 00:00:00
S1195,South,Cosmetics,8,457.71,3661.68,In-store,4.6,2024-07-08 00:00:00
S1196,North,Apparel,3,9.11,27.33,In-store,9.4,2024-12-06 00:00:00
S1197,East,Cosmetics,8,298.34,2386.72,Online,5.1,2024-12-17 00:00:00
S1198,North,Electronics,1,200.2,200.2,In-store,9.3,2024-05-07 00:00:00
S1199,North,Groceries,12,246.04,2952.48,Online,3.8,2024-05-25 00:00:00
S1200,East,Electronics,7,381.87,2673.09,Online,8.5,2024-04-26 00:00:00
S1201,East,Electronics,12,473.23,5678.76,Online,5.1,2024-02-07 00:00:00
S1202,East,Groceries,1,510.33,510.33,Online,4.7,2024-03-30 00:00:00
S1203,North,Apparel,1,552.46,552.46,Online,9.8,2024-03-22 00:00:00
S1204,South,Furniture,11,88.61,974.71,In-store,4.1,2024-01-01 00:00:00
S1205,South,Groceries,9,175.71,1581.39,Online,4.1,2024-03-05 00:00:00
S1206,North,Cosmetics,9,443.19,3988.71,In-store,8.0,2024-12-25 00:00:00
S1207,North,Groceries,12,73.01,876.12,In-store,8.2,2024-03-22 00:00:00
S1208,East,Groceries,9,432.62,3893.58,Online,5.1,2024-08-30 00:00:00
S1209,South,Groceries,11,220.3,2423.3,Online,8.9,2024-10-16 00:00:00
S1210,North,Cosmetics,6,528.37,3170.22,In-store,8.5,2024-09-07 00:00:00
S1211,South,Cosmetics,1,116.93,116.93,Online,5.7,2024-07-20 00:00:00
S1212,South,Electronics,1,136.6,136.6,In-store,5.0,2024-09-20 00:00:00
S1213,North,Groceries,3,56.05,168.15,In-store,6.4,2024-12-26 00:00:00
S1214,North,Apparel,10,301.12,3011.2,Online,3.7,2024-04-03 00:00:00
S1215,South,Electronics,7,508.3,3558.1,Online,8.8,2024-03-15 00:00:00
S1216,North,Electronics,10,345.27,3452.7,Online,5.2,2024-12-07 00:00:00
S1217,South,Apparel,10,156.58,1565.8,In-store,9.4,2024-02-15 00:00:00
S1218,North,Apparel,5,466.09,2330.45,Online,5.3,2024-12-08 00:00:00
S1219,North,Furniture,2,521.07,1042.14,Online,7.6,2024-10-06 00:00:00
S1220,North,Electronics,6,318.49,1910.94,Online,9.2,2024-03-14 00:00:00
S1221,East,Electronics,12,213.65,2563.8,In-store,6.3,2024-12-02 00:00:00
S1222,North,Groceries,1,52.03,52.03,Online,4.4,2024-04-05 00:00:00
S1223,East,Furniture,2,595.02,1190.04,In-store,6.9,2024-01-16 00:00:00
S1224,East,Electronics,9,70.73,636.57,In-store,3.8,2024-10-23 00:00:00
S1225,North,Furniture,8,429.77,3438.16,Online,4.0,2024-10-28 00:00:00
S1226,North,Cosmetics,9,333.26,2999.34,Online,5.1,2024-09-20 00:00:00
S1227,South,Groceries,6,560.29,3361.74,In-store,5.2,2024-08-11 00:00:00
S1228,South,Groceries,5,318.37,1591.85,In-store,4.1,2024-08-03 00:00:00
S1229,South,Furniture,3,592.18,1776.54,In-store,8.8,2024-01-06 00:00:00
S1230,East,Electronics,7,39.83,278.81,Online,7.5,2024-01-09 00:00:00
S1231,North,Apparel,10,119.56,1195.6,In-store,9.5,2024-03-01 00:00:00
S1232,North,Groceries,1,527.35,527.35,In-store,9.7,2024-11-10 00:00:00
S1233,South,Groceries,2,564.83,1129.66,Online,4.7,2024-11-29 00:00:00
S1234,South,Electronics,11,199.64,2196.04,Online,4.0,2024-09-24 00:00:00
S1235,East,Cosmetics,7,365.81,2560.67,Online,9.9,2024-06-27 00:00:00
S1236,South,Cosmetics,4,155.57,622.28,In-store,9.7,2024-11-15 00:00:00
S1237,East,Apparel,2,144.44,288.88,Online,9.5,2024-09-01 00:00:00
S1238,South,Furniture,6,332.08,1992.48,In-store,6.7,2024-01-03 00:00:00
S1239,North,Groceries,10,537.13,5371.3,In-store,7.6,2024-06-22 00:00:00
S1240,East,Electronics,5,254.97,1274.85,In-store,6.2,2024-09-27 00:00:00
S1241,East,Apparel,3,318.04,954.12,Online,9.7,2024-09-05 00:00:00
S1242,South,Furniture,6,458.43,2750.58,In-store,8.0,2024-10-08 00:00:00
S1243,South,Groceries,4,82.96,331.84,Online,4.7,2024-07-13 00:00:00
S1244,South,Apparel,12,85.41,1024.92,Online,8.8,2024-05-11 00:00:00
S1245,North,Apparel,4,356.66,1426.64,Online,7.0,2024-10-25 00:00:00
S1246,South,Apparel,2,294.73,589.46,Online,8.0,2024-07-27 00:00:00
S1247,North,Apparel,9,296.25,2666.25,Online,8.8,2024-06-13 00:00:00
S1248,North,Cosmetics,8,220.21,1761.68,Online,8.8,2024-12-14 00:00:00
S1249,East,Furniture,8,74.13,593.04,In-store,7.1,2024-02-06 00:00:00
S1250,South,Furniture,2,419.6,839.2,Online,7.5,2024-01-22 00:00:00
S1251,South,Apparel,7,119.56,836.92,Online,4.4,2024-05-16 00:00:00
S1252,South,Groceries,6,205.04,1230.24,Online,4.1,2024-12-13 00:00:00
S1253,East,Furniture,6,65.81,394.86,Online,8.7,2024-01-26 00:00:00
S1254,North,Groceries,8,255.68,2045.44,In-store,5.1,2024-10-21 00:00:00
S1255,South,Electronics,10,82.61,826.1,Online,8.2,2024-08-29 00:00:00
S1256,South,Electronics,1,576.98,576.98,In-store,9.9,2024-06-04 00:00:00
S1257,East,Electronics,11,282.46,3107.06,Online,5.5,2024-12-08 00:00:00
S1258,South,Groceries,1,34.68,34.68,Online,7.5,2024-03-31 00:00:00
S1259,North,Apparel,7,19.37,135.59,Online,7.3,2024-10-31 00:00:00
S1260,South,Apparel,8,584.76,4678.08,Online,5.3,2024-06-23 00:00:00
S1261,East,Groceries,2,324.8,649.6,Online,8.3,2024-11-01 00:00:00
S1262,North,Furniture,6,137.33,823.98,In-store,6.4,2024-03-04 00:00:00
S1263,South,Cosmetics,1,337.64,337.64,In-store,5.7,2024-07-02 00:00:00
S1264,East,Cosmetics,10,405.45,4054.5,In-store,6.4,2024-08-09 00:00:00
S1265,North,Cosmetics,4,217.68,870.72,In-store,8.5,2024-12-08 00:00:00
S1266,North,Apparel,4,124.81,499.24,Online,5.6,2024-02-02 00:00:00
S1267,East,Electronics,12,426.36,5116.32,In-store,9.4,2024-08-10 00:00:00
S1268,East,Furniture,5,392.43,1962.15,Online,6.9,2024-05-30 00:00:00
S1269,East,Furniture,2,40.77,81.54,Online,6.1,2024-08-17 00:00:00
S1270,North,Electronics,1,88.8,88.8,In-store,6.9,2024-04-26 00:00:00
S1271,South,Groceries,9,287.19,2584.71,In-store,9.8,2024-02-05 00:00:00
S1272,East,Apparel,7,395.18,2766.26,Online,9.0,2024-11-24 00:00:00
S1273,South,Groceries,3,410.62,1231.86,Online,8.8,2024-06-12 00:00:00
S1274,East,Cosmetics,5,552.88,2764.4,Online,6.9,2024-11-20 00:00:00
S1275,East,Furniture,1,196.01,196.01,Online,8.2,2024-06-24 00:00:00
S1276,East,Apparel,10,365.66,3656.6,In-store,5.5,2024-12-18 00:00:00
S1277,East,Cosmetics,1,224.77,224.77,In-store,9.0,2024-05-18 00:00:00
S1278,East,Cosmetics,5,239.67,1198.35,Online,5.7,2024-04-27 00:00:00
S1279,North,Cosmetics,9,61.02,549.18,Online,5.2,2024-11-21 00:00:00
S1280,South,Electronics,10,491.58,4915.8,In-store,5.6,2024-02-05 00:00:00
S1281,East,Electronics,4,414.38,1657.52,Online,5.0,2024-03-10 00:00:00
S1282,South,Apparel,5,551.44,2757.2,Online,8.4,2024-11-14 00:00:00
S1283,East,Cosmetics,11,54.75,602.25,In-store,9.6,2024-06-29 00:00:00
S1284,North,Cosmetics,11,510.77,5618.47,Online,6.7,2024-03-25 00:00:00
S1285,East,Cosmetics,8,354.63,2837.04,In-store,4.2,2024-08-24 00:00:00
S1286,South,Groceries,12,132.0,1584.0,In-store,5.3,2024-11-13 00:00:00
S1287,North,Furniture,5,287.39,1436.95,Online,5.9,2024-03-21 00:00:00
S1288,North,Cosmetics,7,81.82,572.74,Online,6.8,2024-05-25 00:00:00
S1289,North,Groceries,10,406.25,4062.5,Online,4.2,2024-06-07 00:00:00
S1290,South,Electronics,8,84.63,677.04,In-store,6.5,2024-12-28 00:00:00
S1291,South,Electronics,11,586.63,6452.93,In-store,7.5,2024-01-11 00:00:00
S1292,North,Electronics,5,88.38,441.9,Online,8.5,2024-02-04 00:00:00
S1293,North,Groceries,12,373.01,4476.12,In-store,8.7,2024-06-13 00:00:00
S1294,East,Groceries,6,6.7,40.2,In-store,5.9,2024-06-17 00:00:00
S1295,South,Apparel,4,488.08,1952.32,Online,4.8,2024-08-06 00:00:00
S1296,South,Electronics,10,268.22,2682.2,In-store,4.9,2024-02-18 00:00:00
S1297,East,Apparel,7,161.57,1130.99,In-store,8.1,2024-03-13 00:00:00
S1298,South,Electronics,12,321.3,3855.6,Online,5.7,2024-06-07 00:00:00
S1299,North,Groceries,6,467.28,2803.68,In-store,6.5,2024-05-28 00:00:00
S1300,North,Apparel,1,425.24,425.24,In-store,8.7,2024-03-20 00:00:00
S1301,South,Furniture,10,457.91,4579.1,Online,8.7,2024-09-10 00:00:00
S1302,South,Cosmetics,6,287.96,1727.76,In-store,7.3,2024-04-17 00:00:00
S1303,South,Groceries,7,410.13,2870.91,Online,6.0,2024-06-28 00:00:00
S1304,East,Groceries,7,536.37,3754.59,In-store,9.5,2024-02-02 00:00:00
S1305,South,Cosmetics,10,132.4,1324.0,Online,8.4,2024-08-03 00:00:00
S1306,East,Electronics,10,75.16,751.6,Online,7.4,2024-08-24 00:00:00
S1307,South,Cosmetics,9,584.97,5264.73,In-store,9.9,2024-11-16 00:00:00
S1308,North,Electronics,4,585.93,2343.72,Online,6.0,2024-11-01 00:00:00
S1309,South,Apparel,10,391.85,3918.5,Online,5.9,2024-09-09 00:00:00
S1310,North,Apparel,10,387.77,3877.7,Online,3.5,2024-01-11 00:00:00
S1311,North,Cosmetics,9,50.2,451.8,In-store,9.9,2024-07-18 00:00:00
S1312,North,Apparel,8,437.4,3499.2,In-store,5.4,2024-06-24 00:00:00
S1313,East,Groceries,3,250.13,750.39,Online,9.9,2024-10-13 00:00:00
S1314,South,Electronics,9,387.13,3484.17,In-store,9.4,2024-04-22 00:00:00
S1315,East,Furniture,5,78.98,394.9,In-store,8.3,2024-12-02 00:00:00
S1316,South,Furniture,3,586.79,1760.37,In-store,4.7,2024-10-04 00:00:00
S1317,South,Furniture,1,198.45,198.45,In-store,9.6,2024-04-07 00:00:00
S1318,North,Groceries,12,387.98,4655.76,Online,7.1,2024-10-23 00:00:00
S1319,East,Cosmetics,7,412.85,2889.95,Online,6.9,2024-08-02 00:00:00
S1320,South,Electronics,10,346.25,3462.5,In-store,7.4,2024-01-05 00:00:00
S1321,East,Electronics,10,99.77,997.7,In-store,9.0,2024-06-08 00:00:00
S1322,North,Groceries,4,154.52,618.08,In-store,5.2,2024-09-27 00:00:00
S1323,South,Groceries,11,107.3,1180.3,In-store,4.0,2024-06-11 00:00:00
S1324,East,Electronics,6,473.37,2840.22,In-store,3.8,2024-10-23 00:00:00
S1325,North,Groceries,8,435.65,3485.2,In-store,7.8,2024-02-03 00:00:00
S1326,East,Groceries,5,555.78,2778.9,Online,6.1,2024-12-31 00:00:00
S1327,South,Groceries,1,559.66,559.66,In-store,7.3,2024-09-18 00:00:00
S1328,South,Cosmetics,9,395.29,3557.61,In-store,9.3,2024-10-15 00:00:00
S1329,South,Apparel,11,323.35,3556.85,In-store,6.3,2024-07-24 00:00:00
S1330,East,Electronics,4,54.38,217.52,In-store,4.9,2024-02-26 00:00:00
S1331,North,Groceries,10,359.7,3597.0,In-store,7.7,2024-05-02 00:00:00
S1332,North,Cosmetics,11,382.16,4203.76,Online,7.1,2024-06-17 00:00:00
S1333,South,Electronics,5,239.38,1196.9,In-store,7.6,2024-09-07 00:00:00
S1334,East,Electronics,2,469.5,939.0,In-store,6.9,2024-10-23 00:00:00
S1335,East,Furniture,1,117.26,117.26,In-store,8.7,2024-09-12 00:00:00
S1336,South,Apparel,12,536.44,6437.28,In-store,7.4,2024-01-26 00:00:00
S1337,South,Groceries,12,153.49,1841.88,Online,4.3,2024-02-20 00:00:00
S1338,South,Cosmetics,11,573.42,6307.62,Online,9.2,2024-06-13 00:00:00
S1339,East,Groceries,4,324.23,1296.92,In-store,9.2,2024-12-27 00:00:00
S1340,South,Cosmetics,2,492.04,984.08,Online,7.0,2024-10-25 00:00:00
S1341,North,Cosmetics,1,141.91,141.91,Online,4.1,2024-03-04 00:00:00
S1342,North,Electronics,9,362.82,3265.38,Online,4.0,2024-03-24 00:00:00
S1343,North,Groceries,11,383.52,4218.72,Online,4.4,2024-03-30 00:00:00
S1344,South,Cosmetics,9,192.78,1735.02,Online,9.1,2024-05-09 00:00:00
S1345,North,Groceries,6,59.4,356.4,Online,9.0,2024-03-26 00:00:00
S1346,North,Furniture,8,485.11,3880.88,In-store,7.5,2024-02-13 00:00:00
S1347,East,Cosmetics,3,391.73,1175.19,Online,7.4,2024-10-10 00:00:00
S1348,South,Groceries,2,538.76,1077.52,In-store,9.0,2024-07-13 00:00:00
S1349,North,Apparel,1,156.87,156.87,Online,6.8,2024-03-27 00:00:00
S1350,East,Electronics,5,129.66,648.3,Online,6.3,2024-02-23 00:00:00
S1351,South,Electronics,12,222.33,2667.96,In-store,9.5,2024-09-14 00:00:00
S1352,East,Apparel,5,359.72,1798.6,Online,8.0,2024-03-09 00:00:00
S1353,South,Cosmetics,10,37.03,370.3,Online,9.9,2024-10-12 00:00:00
S1354,South,Furniture,5,566.55,2832.75,Online,8.2,2024-12-01 00:00:00
S1355,South,Electronics,1,508.3,508.3,Online,8.7,2024-07-22 00:00:00
S1356,North,Apparel,2,187.02,374.04,In-store,6.2,2024-08-07 00:00:00
S1357,South,Furniture,1,113.65,113.65,In-store,9.3,2024-06-15 00:00:00
S1358,East,Apparel,1,18.93,18.93,Online,7.7,2024-03-20 00:00:00
S1359,South,Electronics,11,554.87,6103.57,Online,5.5,2024-11-24 00:00:00
S1360,East,Apparel,2,187.1,374.2,In-store,6.7,2024-09-14 00:00:00
S1361,South,Cosmetics,8,564.35,4514.8,In-store,9.2,2024-10-05 00:00:00
S1362,North,Groceries,9,518.23,4664.07,In-store,4.3,2024-11-25 00:00:00
S1363,North,Cosmetics,6,99.57,597.42,Online,6.4,2024-10-01 00:00:00
S1364,East,Groceries,2,591.41,1182.82,Online,8.3,2024-12-03 00:00:00
S1365,South,Groceries,6,121.85,731.1,Online,4.4,2024-12-07 00:00:00
S1366,South,Cosmetics,11,432.89,4761.79,In-store,8.0,2024-02-12 00:00:00
S1367,East,Electronics,9,226.62,2039.58,In-store,4.0,2024-12-02 00:00:00
S1368,East,Cosmetics,8,571.87,4574.96,Online,5.7,2024-01-21 00:00:00
S1369,East,Groceries,4,264.72,1058.88,Online,7.6,2024-11-25 00:00:00
S1370,East,Furniture,4,123.35,493.4,In-store,7.5,2024-04-04 00:00:00
S1371,East,Electronics,10,288.7,2887.0,In-store,6.0,2024-01-28 00:00:00
S1372,East,Cosmetics,10,289.45,2894.5,Online,9.5,2024-11-13 00:00:00
S1373,South,Cosmetics,8,429.36,3434.88,In-store,3.8,2024-02-11 00:00:00
S1374,North,Apparel,7,457.0,3199.0,Online,4.0,2024-06-11 00:00:00
S1375,East,Furniture,6,315.02,1890.12,Online,9.0,2024-10-17 00:00:00
S1376,East,Cosmetics,1,356.04,356.04,Online,6.0,2024-01-28 00:00:00
S1377,South,Cosmetics,10,37.96,379.6,Online,7.1,2024-11-01 00:00:00
S1378,South,Groceries,5,75.49,377.45,In-store,6.2,2024-06-22 00:00:00
S1379,North,Cosmetics,6,418.33,2509.98,In-store,4.6,2024-06-27 00:00:00
S1380,East,Groceries,10,551.97,5519.7,In-store,8.0,2024-08-24 00:00:00
S1381,North,Furniture,2,319.71,639.42,In-store,5.6,2024-10-23 00:00:00
S1382,North,Furniture,12,281.38,3376.56,Online,8.3,2024-01-26 00:00:00
S1383,North,Apparel,4,441.53,1766.12,In-store,7.9,2024-10-25 00:00:00
S1384,East,Apparel,2,583.82,1167.64,In-store,6.5,2024-10-27 00:00:00
S1385,South,Electronics,5,484.02,2420.1,Online,4.9,2024-09-23 00:00:00
S1386,North,Apparel,3,597.42,1792.26,Online,3.8,2024-10-18 00:00:00
S1387,East,Furniture,10,294.03,2940.3,Online,6.6,2024-01-11 00:00:00
S1388,South,Electronics,3,334.67,1004.01,Online,7.4,2024-07-12 00:00:00
S1389,North,Furniture,6,405.17,2431.02,Online,6.1,2024-09-06 00:00:00
S1390,South,Furniture,7,170.38,1192.66,In-store,4.1,2024-11-01 00:00:00
S1391,North,Cosmetics,11,69.58,765.38,In-store,7.5,2024-08-15 00:00:00
S1392,East,Groceries,8,63.79,510.32,Online,5.7,2024-06-03 00:00:00
S1393,North,Cosmetics,4,90.63,362.52,Online,5.0,2024-01-07 00:00:00
S1394,East,Groceries,4,260.01,1040.04,Online,3.6,2024-05-27 00:00:00
S1395,South,Cosmetics,4,529.2,2116.8,In-store,4.6,2024-10-28 00:00:00
S1396,East,Apparel,12,112.68,1352.16,In-store,6.8,2024-05-01 00:00:00
S1397,East,Furniture,7,161.54,1130.78,Online,3.9,2024-06-27 00:00:00
S1398,South,Cosmetics,10,33.31,333.1,Online,5.9,2024-04-03 00:00:00
S1399,North,Apparel,12,525.59,6307.08,Online,4.1,2024-10-10 00:00:00
S1400,East,Electronics,9,120.62,1085.58,In-store,8.7,2024-06-10 00:00:00
S1401,East,Apparel,4,49.07,196.28,In-store,6.5,2024-10-16 00:00:00
S1402,North,Apparel,12,437.58,5250.96,Online,6.1,2024-12-09 00:00:00
S1403,East,Cosmetics,12,437.74,5252.88,In-store,4.2,2024-11-23 00:00:00
S1404,East,Groceries,12,200.88,2410.56,In-store,6.7,2024-08-03 00:00:00
S1405,South,Cosmetics,5,317.38,1586.9,In-store,6.2,2024-02-03 00:00:00
S1406,South,Cosmetics,6,486.16,2916.96,In-store,6.4,2024-01-16 00:00:00
S1407,South,Cosmetics,4,19.25,77.0,In-store,9.2,2024-09-30 00:00:00
S1408,North,Apparel,9,589.89,5309.01,In-store,7.2,2024-08-12 00:00:00
S1409,North,Electronics,1,28.66,28.66,Online,7.3,2024-05-18 00:00:00
S1410,South,Apparel,9,232.16,2089.44,In-store,4.6,2024-12-07 00:00:00
S1411,North,Cosmetics,11,458.36,5041.96,Online,9.6,2024-01-06 00:00:00
S1412,East,Cosmetics,5,7.31,36.55,In-store,4.2,2024-10-20 00:00:00
S1413,South,Furniture,2,376.43,752.86,In-store,3.9,2024-07-11 00:00:00
S1414,South,Apparel,12,467.22,5606.64,Online,4.9,2024-04-22 00:00:00
S1415,South,Groceries,5,263.4,1317.0,Online,8.9,2024-03-06 00:00:00
S1416,North,Cosmetics,11,431.38,4745.18,In-store,5.2,2024-09-28 00:00:00
S1417,East,Cosmetics,6,210.72,1264.32,In-store,5.9,2024-04-30 00:00:00
S1418,South,Apparel,10,417.15,4171.5,Online,6.5,2024-07-06 00:00:00
S1419,South,Electronics,9,520.81,4687.29,In-store,7.0,2024-05-18 00:00:00
S1420,North,Furniture,6,307.79,1846.74,In-store,5.7,2024-10-09 00:00:00
S1421,East,Electronics,2,558.89,1117.78,Online,7.2,2024-11-12 00:00:00
S1422,East,Groceries,3,88.27,264.81,In-store,6.3,2024-04-29 00:00:00
S1423,South,Furniture,9,426.28,3836.52,Online,9.0,2024-12-22 00:00:00
S1424,North,Cosmetics,1,233.88,233.88,In-store,7.4,2024-06-01 00:00:00
S1425,North,Apparel,1,224.32,224.32,In-store,6.3,2024-03-09 00:00:00
S1426,South,Cosmetics,1,286.67,286.67,In-store,5.4,2024-12-11 00:00:00
S1427,North,Electronics,7,249.33,1745.31,Online,6.4,2024-09-01 00:00:00
S1428,South,Groceries,8,379.19,3033.52,Online,8.2,2024-09-02 00:00:00
S1429,East,Cosmetics,1,296.55,296.55,Online,7.2,2024-04-23 00:00:00
S1430,East,Electronics,12,389.22,4670.64,In-store,4.1,2024-05-31 00:00:00
S1431,South,Electronics,12,66.15,793.8,Online,8.9,2024-12-11 00:00:00
S1432,East,Cosmetics,5,168.85,844.25,Online,8.7,2024-01-13 00:00:00
S1433,South,Furniture,11,354.02,3894.22,In-store,4.2,2024-02-12 00:00:00
S1434,South,Cosmetics,9,49.78,448.02,In-store,7.4,2024-12-10 00:00:00
S1435,East,Groceries,2,501.42,1002.84,Online,4.6,2024-07-30 00:00:00
S1436,East,Cosmetics,8,82.99,663.92,In-store,5.6,2024-01-09 00:00:00
S1437,East,Groceries,12,112.77,1353.24,In-store,8.2,2024-02-27 00:00:00
S1438,East,Apparel,9,584.41,5259.69,Online,9.1,2024-10-05 00:00:00
S1439,North,Electronics,7,104.48,731.36,In-store,8.9,2024-08-12 00:00:00
S1440,East,Electronics,2,282.85,565.7,In-store,5.7,2024-04-23 00:00:00
S1441,East,Cosmetics,3,162.82,488.46,Online,4.7,2024-02-26 00:00:00
S1442,East,Groceries,4,421.54,1686.16,Online,4.9,2024-03-03 00:00:00
S1443,North,Apparel,10,380.54,3805.4,In-store,9.6,2024-07-16 00:00:00
S1444,East,Electronics,11,563.58,6199.38,In-store,7.2,2024-08-20 00:00:00
S1445,East,Furniture,12,455.24,5462.88,Online,6.5,2024-07-11 00:00:00
S1446,East,Apparel,1,88.23,88.23,In-store,6.9,2024-11-27 00:00:00
S1447,South,Apparel,8,108.39,867.12,In-store,6.3,2024-04-18 00:00:00
S1448,East,Electronics,4,173.91,695.64,In-store,8.2,2024-05-20 00:00:00
S1449,South,Electronics,9,248.42,2235.78,In-store,8.9,2024-07-09 00:00:00
S1450,North,Cosmetics,5,99.64,498.2,Online,7.9,2024-05-13 00:00:00
S1451,North,Cosmetics,9,243.98,2195.82,In-store,8.4,2024-06-10 00:00:00
S1452,South,Groceries,3,596.34,1789.02,In-store,5.2,2024-03-20 00:00:00
S1453,South,Electronics,9,253.89,2285.01,In-store,9.8,2024-02-24 00:00:00
S1454,North,Apparel,5,315.6,1578.0,Online,7.6,2024-08-03 00:00:00
S1455,East,Cosmetics,6,499.5,2997.0,In-store,4.8,2024-06-10 00:00:00
S1456,East,Groceries,6,270.94,1625.64,In-store,8.5,2024-09-25 00:00:00
S1457,North,Groceries,8,123.49,987.92,Online,7.2,2024-09-30 00:00:00
S1458,South,Furniture,1,440.27,440.27,In-store,9.8,2024-04-06 00:00:00
S1459,East,Cosmetics,7,255.32,1787.24,In-store,8.5,2024-08-24 00:00:00
S1460,North,Apparel,11,433.45,4767.95,In-store,8.3,2024-09-09 00:00:00
S1461,South,Furniture,10,142.59,1425.9,Online,8.2,2024-12-12 00:00:00
S1462,North,Apparel,4,458.27,1833.08,In-store,5.3,2024-09-28 00:00:00
S1463,North,Furniture,1,18.38,18.38,Online,5.5,2024-10-10 00:00:00
S1464,North,Cosmetics,3,445.96,1337.88,Online,4.6,2024-11-20 00:00:00
S1465,South,Apparel,6,244.82,1468.92,Online,4.4,2024-11-07 00:00:00
S1466,North,Electronics,4,390.12,1560.48,Online,3.6,2024-10-10 00:00:00
S1467,East,Cosmetics,9,99.35,894.15,Online,5.0,2024-04-17 00:00:00
S1468,North,Furniture,10,518.21,5182.1,Online,8.1,2024-06-14 00:00:00
S1469,North,Furniture,7,68.63,480.41,In-store,6.7,2024-09-29 00:00:00
S1470,South,Electronics,4,112.41,449.64,In-store,5.0,2024-12-24 00:00:00
S1471,North,Cosmetics,1,261.46,261.46,In-store,5.2,2024-09-01 00:00:00
S1472,North,Groceries,8,131.7,1053.6,In-store,5.9,2024-05-31 00:00:00
S1473,East,Electronics,7,225.21,1576.47,Online,4.0,2024-12-20 00:00:00
S1474,North,Electronics,5,491.7,2458.5,Online,5.0,2024-07-23 00:00:00
S1475,East,Apparel,11,448.06,4928.66,Online,8.1,2024-04-22 00:00:00
S1476,South,Groceries,9,366.74,3300.66,Online,7.6,2024-03-28 00:00:00
S1477,North,Furniture,3,396.36,1189.08,In-store,9.5,2024-01-30 00:00:00
S1478,South,Cosmetics,4,359.79,1439.16,In-store,3.7,2024-01-22 00:00:00
S1479,South,Electronics,6,511.74,3070.44,Online,8.5,2024-08-09 00:00:00
S1480,North,Apparel,11,95.79,1053.69,Online,5.1,2024-10-13 00:00:00
S1481,North,Electronics,8,467.7,3741.6,In-store,6.2,2024-08-11 00:00:00
S1482,South,Electronics,6,60.86,365.16,In-store,5.3,2024-01-31 00:00:00
S1483,North,Cosmetics,11,552.77,6080.47,Online,8.9,2024-06-08 00:00:00
S1484,North,Furniture,5,150.63,753.15,Online,4.9,2024-05-12 00:00:00
S1485,North,Cosmetics,11,155.18,1706.98,In-store,6.2,2024-03-07 00:00:00
S1486,South,Groceries,8,344.58,2756.64,Online,8.1,2024-10-13 00:00:00
S1487,North,Cosmetics,7,166.49,1165.43,Online,5.8,2024-10-26 00:00:00
S1488,South,Furniture,11,136.32,1499.52,Online,5.5,2024-11-05 00:00:00
S1489,North,Groceries,2,327.47,654.94,In-store,6.2,2024-03-16 00:00:00
S1490,East,Apparel,12,330.03,3960.36,In-store,7.5,2024-07-28 00:00:00
S1491,East,Furniture,2,74.78,149.56,In-store,8.9,2024-10-08 00:00:00
S1492,North,Furniture,5,263.54,1317.7,In-store,4.2,2024-08-02 00:00:00
S1493,South,Apparel,10,313.28,3132.8,Online,7.2,2024-11-12 00:00:00
S1494,North,Furniture,9,251.58,2264.22,Online,6.3,2024-11-10 00:00:00
S1495,North,Furniture,4,411.25,1645.0,In-store,4.4,2024-09-23 00:00:00
S1496,North,Cosmetics,9,464.51,4180.59,Online,6.2,2024-05-06 00:00:00
S1497,South,Furniture,10,453.2,4532.0,Online,9.5,2024-04-13 00:00:00
S1498,East,Apparel,12,32.39,388.68,In-store,7.3,2024-07-02 00:00:00
S1499,East,Furniture,5,349.76,1748.8,In-store,5.3,2024-09-08 00:00:00
S1500,North,Electronics,5,284.82,1424.1,In-store,8.1,2024-12-20 00:00:00
S1501,North,Groceries,1,222.24,222.24,In-store,8.3,2024-01-28 00:00:00
S1502,North,Groceries,11,445.63,4901.93,In-store,8.8,2024-09-15 00:00:00
S1503,East,Cosmetics,2,428.24,856.48,In-store,8.9,2024-06-07 00:00:00
S1504,North,Groceries,8,59.06,472.48,In-store,8.2,2024-07-10 00:00:00
S1505,East,Groceries,6,153.67,922.02,In-store,4.4,2024-11-11 00:00:00
S1506,South,Furniture,4,594.22,2376.88,In-store,9.5,2024-08-09 00:00:00
S1507,North,Apparel,6,271.58,1629.48,In-store,7.4,2024-05-21 00:00:00
S1508,North,Furniture,5,109.22,546.1,In-store,5.5,2024-01-01 00:00:00
S1509,South,Apparel,9,75.16,676.44,Online,5.3,2024-08-13 00:00:00
S1510,South,Apparel,9,223.85,2014.65,In-store,8.1,2024-06-22 00:00:00
S1511,East,Electronics,3,65.58,196.74,In-store,5.5,2024-04-20 00:00:00
S1512,North,Furniture,6,327.94,1967.64,Online,4.7,2024-08-02 00:00:00
S1513,South,Furniture,1,119.43,119.43,Online,7.0,2024-04-20 00:00:00
S1514,North,Groceries,8,503.94,4031.52,In-store,5.9,2024-10-05 00:00:00
S1515,North,Electronics,4,251.21,1004.84,Online,5.6,2024-10-05 00:00:00
S1516,South,Apparel,4,594.56,2378.24,Online,9.8,2024-12-24 00:00:00
S1517,North,Furniture,2,464.94,929.88,In-store,5.6,2024-11-06 00:00:00
S1518,East,Cosmetics,7,571.74,4002.18,In-store,8.7,2024-06-12 00:00:00
S1519,South,Electronics,12,218.94,2627.28,In-store,4.0,2024-08-04 00:00:00
S1520,East,Groceries,6,225.64,1353.84,Online,7.1,2024-03-28 00:00:00
S1521,South,Groceries,6,172.87,1037.22,In-store,7.0,2024-09-12 00:00:00
S1522,East,Cosmetics,9,588.42,5295.78,Online,7.1,2024-12-03 00:00:00
S1523,East,Apparel,9,392.73,3534.57,Online,4.7,2024-04-19 00:00:00
S1524,South,Groceries,3,58.13,174.39,Online,7.0,2024-02-14 00:00:00
S1525,North,Furniture,10,553.94,5539.4,In-store,5.4,2024-01-12 00:00:00
S1526,South,Furniture,7,569.96,3989.72,Online,9.2,2024-05-15 00:00:00
S1527,South,Electronics,3,449.28,1347.84,In-store,3.7,2024-08-17 00:00:00
S1528,East,Cosmetics,2,453.7,907.4,Online,9.0,2024-06-04 00:00:00
S1529,East,Electronics,7,193.9,1357.3,In-store,5.6,2024-02-13 00:00:00
S1530,North,Furniture,4,133.17,532.68,In-store,7.5,2024-03-15 00:00:00
S1531,South,Apparel,3,64.09,192.27,In-store,6.1,2024-02-06 00:00:00
S1532,North,Furniture,3,38.45,115.35,Online,8.8,2024-10-29 00:00:00
S1533,South,Groceries,10,6.4,64.0,In-store,7.3,2024-06-24 00:00:00
S1534,South,Cosmetics,12,461.27,5535.24,Online,5.7,2024-11-16 00:00:00
S1535,East,Furniture,5,278.52,1392.6,Online,7.3,2024-12-06 00:00:00
S1536,South,Furniture,6,292.02,1752.12,Online,10.0,2024-06-05 00:00:00
S1537,North,Furniture,6,299.17,1795.02,In-store,5.4,2024-11-26 00:00:00
S1538,North,Cosmetics,7,556.87,3898.09,Online,5.2,2024-09-03 00:00:00
S1539,North,Electronics,9,346.36,3117.24,Online,3.9,2024-03-28 00:00:00
S1540,East,Cosmetics,8,27.49,219.92,Online,7.3,2024-11-05 00:00:00
S1541,East,Furniture,1,86.9,86.9,In-store,8.1,2024-08-16 00:00:00
S1542,North,Furniture,12,159.5,1914.0,In-store,5.7,2024-06-18 00:00:00
S1543,South,Groceries,5,138.3,691.5,In-store,5.1,2024-05-14 00:00:00
S1544,North,Electronics,7,104.25,729.75,In-store,9.3,2024-12-27 00:00:00
S1545,South,Cosmetics,4,56.54,226.16,In-store,5.7,2024-01-22 00:00:00
S1546,South,Electronics,3,321.01,963.03,Online,5.0,2024-11-28 00:00:00
S1547,East,Furniture,12,459.32,5511.84,Online,4.7,2024-04-30 00:00:00
S1548,East,Electronics,10,423.36,4233.6,In-store,3.9,2024-06-20 00:00:00
S1549,South,Cosmetics,11,389.65,4286.15,Online,3.6,2024-03-03 00:00:00
S1550,North,Apparel,4,433.67,1734.68,In-store,9.1,2024-04-12 00:00:00
S1551,South,Furniture,6,235.88,1415.28,In-store,6.8,2024-09-13 00:00:00
S1552,South,Apparel,7,78.77,551.39,In-store,9.6,2024-03-25 00:00:00
S1553,North,Groceries,4,157.29,629.16,Online,7.7,2024-05-30 00:00:00
S1554,East,Electronics,9,493.14,4438.26,In-store,6.7,2024-09-19 00:00:00
S1555,South,Electronics,3,221.29,663.87,In-store,9.2,2024-06-08 00:00:00
S1556,South,Furniture,4,102.35,409.4,Online,9.6,2024-09-22 00:00:00
S1557,North,Groceries,4,134.39,537.56,Online,9.8,2024-10-28 00:00:00
S1558,South,Furniture,1,307.62,307.62,In-store,5.3,2024-04-04 00:00:00
S1559,North,Groceries,9,545.74,4911.66,Online,8.3,2024-06-03 00:00:00
S1560,North,Cosmetics,7,312.55,2187.85,In-store,8.8,2024-01-21 00:00:00
S1561,South,Furniture,4,565.48,2261.92,Online,9.1,2024-02-15 00:00:00
S1562,South,Electronics,12,440.39,5284.68,In-store,6.3,2024-12-15 00:00:00
S1563,South,Electronics,11,217.8,2395.8,Online,8.5,2024-11-11 00:00:00
S1564,East,Furniture,5,591.4,2957.0,In-store,6.4,2024-10-17 00:00:00
S1565,East,Furniture,5,86.46,432.3,Online,9.8,2024-12-17 00:00:00
S1566,South,Electronics,9,305.36,2748.24,Online,8.4,2024-07-15 00:00:00
S1567,North,Apparel,11,170.68,1877.48,In-store,3.7,2024-03-19 00:00:00
S1568,North,Apparel,1,319.77,319.77,Online,8.3,2024-12-04 00:00:00
S1569,North,Electronics,7,359.59,2517.13,In-store,5.8,2024-02-27 00:00:00
S1570,North,Cosmetics,10,58.06,580.6,Online,4.2,2024-08-25 00:00:00
S1571,North,Cosmetics,11,482.13,5303.43,Online,8.5,2024-08-01 00:00:00
S1572,East,Cosmetics,10,518.99,5189.9,Online,6.5,2024-05-26 00:00:00
S1573,North,Groceries,12,111.35,1336.2,In-store,8.0,2024-05-09 00:00:00
S1574,South,Cosmetics,7,234.29,1640.03,In-store,6.5,2024-07-22 00:00:00
S1575,North,Cosmetics,4,139.04,556.16,In-store,4.9,2024-09-18 00:00:00
S1576,North,Electronics,2,594.26,1188.52,In-store,5.2,2024-02-14 00:00:00
S1577,South,Furniture,10,245.7,2457.0,Online,6.4,2024-11-14 00:00:00
S1578,North,Furniture,6,485.1,2910.6,In-store,9.4,2024-07-06 00:00:00
S1579,East,Furniture,7,325.78,2280.46,In-store,7.9,2024-08-24 00:00:00
S1580,South,Furniture,8,368.6,2948.8,In-store,4.3,2024-08-28 00:00:00
S1581,North,Groceries,7,180.21,1261.47,In-store,6.6,2024-11-11 00:00:00
S1582,North,Electronics,7,469.55,3286.85,Online,8.2,2024-12-22 00:00:00
S1583,South,Cosmetics,9,232.57,2093.13,In-store,5.1,2024-02-03 00:00:00
S1584,South,Cosmetics,6,518.65,3111.9,In-store,6.5,2024-03-08 00:00:00
S1585,East,Apparel,9,441.44,3972.96,In-store,9.4,2024-05-14 00:00:00
S1586,North,Groceries,6,70.28,421.68,Online,6.1,2024-06-01 00:00:00
S1587,North,Apparel,1,306.5,306.5,Online,6.4,2024-11-03 00:00:00
S1588,North,Cosmetics,4,87.46,349.84,Online,6.5,2024-06-09 00:00:00
S1589,South,Apparel,4,224.23,896.92,Online,5.5,2024-05-30 00:00:00
S1590,North,Furniture,7,381.45,2670.15,Online,9.7,2024-09-23 00:00:00
S1591,South,Furniture,10,504.39,5043.9,Online,7.7,2024-01-16 00:00:00
S1592,East,Electronics,1,229.63,229.63,Online,8.9,2024-06-28 00:00:00
S1593,East,Groceries,6,204.96,1229.76,Online,4.1,2024-09-12 00:00:00
S1594,East,Cosmetics,8,399.72,3197.76,In-store,5.0,2024-05-05 00:00:00
S1595,East,Cosmetics,10,463.63,4636.3,Online,8.2,2024-04-29 00:00:00
S1596,South,Cosmetics,5,87.29,436.45,In-store,6.0,2024-12-07 00:00:00
S1597,North,Apparel,9,21.45,193.05,In-store,4.4,2024-01-22 00:00:00
S1598,North,Apparel,9,512.71,4614.39,Online,4.6,2024-05-05 00:00:00
S1599,East,Furniture,2,518.1,1036.2,In-store,7.8,2024-05-26 00:00:00
S1600,North,Furniture,9,197.5,1777.5,In-store,4.2,2024-11-15 00:00:00
S1601,North,Cosmetics,1,482.72,482.72,In-store,4.7,2024-08-15 00:00:00
S1602,East,Electronics,1,162.39,162.39,Online,9.0,2024-03-03 00:00:00
S1603,South,Apparel,8,495.32,3962.56,In-store,9.2,2024-07-30 00:00:00
S1604,South,Apparel,1,312.27,312.27,Online,7.4,2024-05-15 00:00:00
S1605,South,Apparel,12,432.71,5192.52,Online,6.4,2024-01-03 00:00:00
S1606,North,Groceries,2,56.25,112.5,In-store,9.5,2024-01-28 00:00:00
S1607,East,Electronics,1,359.36,359.36,In-store,9.8,2024-08-10 00:00:00
S1608,East,Electronics,10,353.76,3537.6,Online,9.4,2024-06-11 00:00:00
S1609,East,Electronics,12,442.07,5304.84,Online,6.2,2024-09-17 00:00:00
S1610,North,Groceries,1,38.42,38.42,Online,5.2,2024-03-24 00:00:00
S1611,East,Furniture,11,571.79,6289.69,In-store,9.2,2024-02-02 00:00:00
S1612,South,Furniture,7,67.13,469.91,In-store,7.9,2024-11-23 00:00:00
S1613,North,Furniture,4,399.66,1598.64,In-store,8.4,2024-01-27 00:00:00
S1614,South,Electronics,12,433.31,5199.72,Online,5.2,2024-06-24 00:00:00
S1615,North,Apparel,2,56.43,112.86,Online,4.5,2024-06-23 00:00:00
S1616,South,Electronics,11,492.34,5415.74,In-store,7.3,2024-05-06 00:00:00
S1617,South,Electronics,4,414.26,1657.04,Online,6.3,2024-11-14 00:00:00
S1618,North,Cosmetics,12,373.7,4484.4,Online,7.9,2024-07-09 00:00:00
S1619,East,Electronics,4,158.24,632.96,Online,7.4,2024-05-30 00:00:00
S1620,East,Groceries,8,115.31,922.48,Online,7.7,2024-03-11 00:00:00
S1621,East,Cosmetics,4,352.89,1411.56,Online,9.8,2024-07-07 00:00:00
S1622,East,Groceries,6,539.47,3236.82,Online,5.3,2024-03-08 00:00:00
S1623,North,Apparel,9,415.94,3743.46,In-store,7.0,2024-10-11 00:00:00
S1624,South,Electronics,8,323.0,2584.0,Online,8.3,2024-11-03 00:00:00
S1625,South,Cosmetics,2,204.89,409.78,In-store,8.9,2024-10-03 00:00:00
S1626,East,Groceries,11,145.98,1605.78,Online,8.5,2024-07-31 00:00:00
S1627,South,Electronics,8,146.42,1171.36,Online,3.6,2024-05-06 00:00:00
S1628,East,Electronics,7,579.7,4057.9,In-store,5.1,2024-01-01 00:00:00
S1629,South,Electronics,6,373.65,2241.9,In-store,5.3,2024-11-12 00:00:00
S1630,North,Cosmetics,8,45.06,360.48,In-store,4.6,2024-02-21 00:00:00
S1631,South,Cosmetics,11,317.22,3489.42,In-store,4.2,2024-06-30 00:00:00
S1632,North,Groceries,10,305.76,3057.6,In-store,9.0,2024-10-29 00:00:00
S1633,East,Cosmetics,12,81.87,982.44,Online,4.0,2024-01-05 00:00:00
S1634,North,Apparel,5,320.61,1603.05,In-store,7.6,2024-04-08 00:00:00
S1635,North,Cosmetics,3,134.41,403.23,Online,7.3,2024-06-19 00:00:00
S1636,East,Groceries,2,492.07,984.14,Online,8.1,2024-03-13 00:00:00
S1637,East,Cosmetics,8,196.19,1569.52,In-store,4.1,2024-01-31 00:00:00
S1638,South,Furniture,8,568.73,4549.84,In-store,8.5,2024-11-22 00:00:00
S1639,East,Cosmetics,4,573.01,2292.04,Online,4.8,2024-12-09 00:00:00
S1640,East,Apparel,12,574.08,6888.96,Online,3.5,2024-09-28 00:00:00
S1641,East,Apparel,2,326.36,652.72,In-store,8.5,2024-11-20 00:00:00
S1642,North,Furniture,3,372.39,1117.17,Online,8.1,2024-06-08 00:00:00
S1643,North,Groceries,10,568.05,5680.5,Online,9.4,2024-02-16 00:00:00
S1644,South,Groceries,12,332.74,3992.88,Online,9.8,2024-04-28 00:00:00
S1645,North,Groceries,6,454.51,2727.06,Online,7.7,2024-08-14 00:00:00
S1646,North,Cosmetics,12,273.14,3277.68,In-store,4.8,2024-07-31 00:00:00
S1647,East,Groceries,7,88.2,617.4,In-store,4.3,2024-08-18 00:00:00
S1648,East,Apparel,1,535.64,535.64,In-store,3.6,2024-04-23 00:00:00
S1649,East,Furniture,9,437.08,3933.72,Online,7.4,2024-11-03 00:00:00
S1650,North,Cosmetics,3,436.76,1310.28,Online,9.0,2024-05-26 00:00:00
S1651,East,Apparel,8,237.82,1902.56,Online,4.5,2024-07-15 00:00:00
S1652,North,Apparel,11,329.26,3621.86,Online,7.8,2024-06-16 00:00:00
S1653,East,Furniture,2,420.48,840.96,Online,8.5,2024-06-17 00:00:00
S1654,North,Apparel,5,567.93,2839.65,In-store,3.9,2024-12-31 00:00:00
S1655,South,Electronics,3,290.11,870.33,In-store,8.5,2024-06-21 00:00:00
S1656,South,Electronics,3,450.4,1351.2,In-store,3.9,2024-12-12 00:00:00
S1657,South,Furniture,5,561.68,2808.4,Online,5.0,2024-10-16 00:00:00
S1658,East,Groceries,11,171.93,1891.23,In-store,6.0,2024-04-12 00:00:00
S1659,East,Groceries,1,534.87,534.87,In-store,4.7,2024-11-28 00:00:00
S1660,North,Apparel,7,40.44,283.08,Online,9.8,2024-03-09 00:00:00
S1661,North,Apparel,12,337.54,4050.48,In-store,5.8,2024-12-04 00:00:00
S1662,South,Furniture,12,102.2,1226.4,In-store,4.4,2024-09-29 00:00:00
S1663,North,Apparel,10,321.0,3210.0,Online,5.0,2024-01-21 00:00:00
S1664,East,Groceries,6,338.04,2028.24,In-store,5.5,2024-01-16 00:00:00
S1665,East,Cosmetics,7,540.42,3782.94,Online,6.7,2024-02-21 00:00:00
S1666,North,Furniture,11,529.58,5825.38,Online,5.7,2024-11-01 00:00:00
S1667,East,Electronics,11,28.79,316.69,In-store,8.6,2024-01-08 00:00:00
S1668,North,Furniture,4,394.7,1578.8,Online,7.0,2024-08-19 00:00:00
S1669,East,Electronics,1,470.46,470.46,Online,9.9,2024-09-03 00:00:00
S1670,North,Apparel,3,202.81,608.43,Online,5.2,2024-03-11 00:00:00
S1671,East,Groceries,5,470.81,2354.05,Online,8.1,2024-04-18 00:00:00
S1672,East,Furniture,10,461.54,4615.4,Online,5.0,2024-09-11 00:00:00
S1673,South,Furniture,12,7.93,95.16,In-store,7.9,2024-06-19 00:00:00
S1674,South,Groceries,4,266.48,1065.92,Online,7.5,2024-10-24 00:00:00
S1675,North,Electronics,7,482.59,3378.13,Online,8.8,2024-12-14 00:00:00
S1676,South,Furniture,2,401.07,802.14,Online,5.6,2024-11-04 00:00:00
S1677,East,Cosmetics,2,336.95,673.9,In-store,9.9,2024-08-08 00:00:00
S1678,East,Apparel,5,164.99,824.95,Online,9.3,2024-01-06 00:00:00
S1679,South,Electronics,4,283.72,1134.88,Online,7.7,2024-09-11 00:00:00
S1680,South,Groceries,1,350.95,350.95,Online,3.7,2024-04-15 00:00:00
S1681,North,Electronics,6,456.84,2741.04,Online,5.6,2024-03-17 00:00:00
S1682,East,Electronics,5,73.36,366.8,Online,4.7,2024-11-12 00:00:00
S1683,North,Cosmetics,9,200.41,1803.69,In-store,6.8,2024-05-15 00:00:00
S1684,South,Electronics,11,74.73,822.03,Online,7.1,2024-09-30 00:00:00
S1685,North,Apparel,10,440.17,4401.7,In-store,5.4,2024-09-04 00:00:00
S1686,South,Furniture,9,272.95,2456.55,Online,9.3,2024-06-29 00:00:00
S1687,North,Electronics,8,83.08,664.64,Online,8.0,2024-07-19 00:00:00
S1688,South,Cosmetics,9,185.43,1668.87,Online,5.0,2024-03-04 00:00:00
S1689,North,Groceries,7,315.77,2210.39,In-store,8.8,2024-10-21 00:00:00
S1690,North,Apparel,9,257.83,2320.47,In-store,3.9,2024-05-11 00:00:00
S1691,South,Electronics,4,464.7,1858.8,In-store,4.3,2024-03-27 00:00:00
S1692,East,Electronics,2,424.42,848.84,Online,6.8,2024-06-17 00:00:00
S1693,North,Cosmetics,10,427.31,4273.1,Online,4.5,2024-01-10 00:00:00
S1694,South,Apparel,5,155.85,779.25,Online,9.5,2024-05-19 00:00:00
S1695,North,Cosmetics,6,153.1,918.6,In-store,4.1,2024-01-08 00:00:00
S1696,North,Groceries,10,86.1,861.0,In-store,9.4,2024-05-05 00:00:00
S1697,North,Apparel,4,462.96,1851.84,In-store,4.4,2024-09-30 00:00:00
S1698,East,Apparel,5,174.13,870.65,Online,6.5,2024-04-02 00:00:00
S1699,South,Apparel,9,546.63,4919.67,Online,7.1,2024-01-16 00:00:00
S1700,East,Furniture,11,505.08,5555.88,Online,4.8,2024-09-29 00:00:00
S1701,North,Cosmetics,8,261.58,2092.64,In-store,6.4,2024-01-02 00:00:00
S1702,North,Apparel,2,429.0,858.0,Online,5.0,2024-06-04 00:00:00
S1703,East,Cosmetics,1,240.85,240.85,In-store,4.1,2024-03-20 00:00:00
S1704,South,Furniture,1,513.91,513.91,In-store,8.1,2024-03-09 00:00:00
S1705,East,Furniture,12,383.79,4605.48,Online,8.1,2024-05-05 00:00:00
S1706,North,Apparel,12,398.5,4782.0,In-store,6.6,2024-06-14 00:00:00
S1707,South,Electronics,2,264.12,528.24,Online,4.6,2024-03-29 00:00:00
S1708,South,Furniture,5,185.09,925.45,In-store,8.8,2024-01-19 00:00:00
S1709,North,Groceries,6,194.42,1166.52,In-store,6.6,2024-08-12 00:00:00
S1710,South,Cosmetics,11,560.48,6165.28,Online,9.9,2024-12-14 00:00:00
S1711,South,Apparel,10,221.64,2216.4,Online,6.4,2024-12-15 00:00:00
S1712,North,Furniture,9,154.76,1392.84,Online,7.2,2024-12-29 00:00:00
S1713,North,Cosmetics,1,541.79,541.79,In-store,9.0,2024-06-25 00:00:00
S1714,North,Cosmetics,5,267.44,1337.2,Online,4.5,2024-01-09 00:00:00
S1715,South,Groceries,9,35.26,317.34,In-store,9.1,2024-03-11 00:00:00
S1716,East,Furniture,9,195.83,1762.47,Online,9.7,2024-12-19 00:00:00
S1717,North,Groceries,11,235.44,2589.84,Online,9.3,2024-09-28 00:00:00
S1718,North,Electronics,11,477.85,5256.35,In-store,7.7,2024-05-07 00:00:00
S1719,East,Electronics,4,598.18,2392.72,Online,9.8,2024-12-20 00:00:00
S1720,North,Electronics,12,320.64,3847.68,Online,7.6,2024-05-02 00:00:00
S1721,North,Electronics,4,542.05,2168.2,In-store,7.8,2024-05-02 00:00:00
S1722,South,Electronics,8,163.46,1307.68,Online,5.8,2024-06-13 00:00:00
S1723,North,Apparel,2,287.54,575.08,Online,5.5,2024-04-12 00:00:00
S1724,South,Furniture,10,446.05,4460.5,In-store,7.4,2024-09-25 00:00:00
S1725,North,Electronics,1,211.31,211.31,Online,6.2,2024-07-18 00:00:00
S1726,North,Electronics,2,596.36,1192.72,Online,6.8,2024-12-20 00:00:00
S1727,East,Apparel,8,408.56,3268.48,In-store,5.6,2024-05-18 00:00:00
S1728,South,Apparel,1,100.22,100.22,In-store,5.2,2024-04-11 00:00:00
S1729,South,Cosmetics,3,361.15,1083.45,Online,9.0,2024-08-13 00:00:00
S1730,North,Electronics,4,110.66,442.64,Online,7.4,2024-08-26 00:00:00
S1731,South,Apparel,5,257.71,1288.55,Online,8.0,2024-07-16 00:00:00
S1732,East,Furniture,1,128.25,128.25,Online,9.7,2024-05-01 00:00:00
S1733,South,Electronics,11,582.25,6404.75,In-store,5.1,2024-06-29 00:00:00
S1734,North,Cosmetics,8,266.88,2135.04,In-store,8.4,2024-09-19 00:00:00
S1735,East,Cosmetics,9,560.74,5046.66,Online,8.2,2024-04-21 00:00:00
S1736,South,Apparel,4,344.6,1378.4,In-store,8.2,2024-07-14 00:00:00
S1737,East,Furniture,12,295.27,3543.24,In-store,9.9,2024-07-07 00:00:00
S1738,East,Electronics,12,407.31,4887.72,In-store,6.5,2024-05-11 00:00:00
S1739,East,Furniture,4,482.91,1931.64,Online,5.2,2024-03-13 00:00:00
S1740,South,Electronics,10,159.5,1595.0,Online,6.0,2024-07-25 00:00:00
S1741,South,Apparel,10,48.29,482.9,In-store,5.5,2024-12-14 00:00:00
S1742,East,Furniture,7,242.96,1700.72,Online,5.4,2024-12-09 00:00:00
S1743,East,Electronics,1,518.57,518.57,In-store,5.4,2024-03-15 00:00:00
S1744,East,Cosmetics,4,13.79,55.16,Online,10.0,2024-03-14 00:00:00
S1745,East,Electronics,5,26.65,133.25,In-store,7.9,2024-11-18 00:00:00
S1746,South,Groceries,10,230.18,2301.8,In-store,3.6,2024-11-30 00:00:00
S1747,East,Electronics,5,573.95,2869.75,Online,8.1,2024-01-13 00:00:00
S1748,East,Apparel,3,561.39,1684.17,In-store,9.3,2024-07-24 00:00:00
S1749,South,Furniture,11,283.62,3119.82,Online,8.6,2024-05-08 00:00:00
S1750,North,Groceries,4,405.44,1621.76,In-store,4.9,2024-06-05 00:00:00
S1751,East,Electronics,5,18.98,94.9,Online,8.4,2024-06-29 00:00:00
S1752,North,Furniture,4,494.85,1979.4,Online,5.5,2024-06-20 00:00:00
S1753,South,Furniture,6,148.52,891.12,In-store,7.4,2024-03-26 00:00:00
S1754,North,Cosmetics,6,175.34,1052.04,Online,9.7,2024-11-03 00:00:00
S1755,South,Electronics,9,63.19,568.71,Online,4.6,2024-04-15 00:00:00
S1756,North,Furniture,2,335.23,670.46,Online,5.5,2024-04-13 00:00:00
S1757,North,Cosmetics,3,122.48,367.44,Online,7.1,2024-11-05 00:00:00
S1758,East,Cosmetics,11,288.4,3172.4,Online,5.7,2024-03-26 00:00:00
S1759,South,Furniture,8,232.02,1856.16,Online,5.4,2024-02-06 00:00:00
S1760,North,Apparel,8,333.81,2670.48,In-store,9.8,2024-11-28 00:00:00
S1761,East,Electronics,11,472.61,5198.71,In-store,9.8,2024-02-15 00:00:00
S1762,South,Electronics,12,504.17,6050.04,Online,7.8,2024-10-31 00:00:00
S1763,North,Furniture,3,315.4,946.2,Online,5.6,2024-01-08 00:00:00
S1764,South,Electronics,11,20.28,223.08,Online,5.5,2024-02-21 00:00:00
S1765,South,Apparel,10,492.14,4921.4,Online,8.0,2024-06-19 00:00:00
S1766,East,Electronics,4,110.49,441.96,Online,4.3,2024-03-08 00:00:00
S1767,South,Apparel,2,77.06,154.12,In-store,6.6,2024-04-09 00:00:00
S1768,South,Cosmetics,7,91.62,641.34,In-store,8.8,2024-05-06 00:00:00
S1769,East,Apparel,1,235.13,235.13,Online,6.4,2024-07-29 00:00:00
S1770,North,Furniture,12,117.51,1410.12,In-store,6.0,2024-04-05 00:00:00
S1771,South,Groceries,8,247.43,1979.44,In-store,7.3,2024-07-26 00:00:00
S1772,South,Electronics,5,508.03,2540.15,Online,6.7,2024-10-15 00:00:00
S1773,East,Cosmetics,1,324.35,324.35,Online,4.9,2024-03-23 00:00:00
S1774,East,Apparel,8,455.42,3643.36,Online,3.9,2024-06-14 00:00:00
S1775,North,Electronics,2,211.89,423.78,Online,4.9,2024-09-29 00:00:00
S1776,North,Cosmetics,5,427.33,2136.65,In-store,7.6,2024-07-24 00:00:00
S1777,North,Electronics,12,492.94,5915.28,In-store,8.4,2024-09-06 00:00:00
S1778,North,Apparel,1,485.93,485.93,Online,9.2,2024-01-25 00:00:00
S1779,North,Furniture,1,382.12,382.12,Online,6.4,2024-11-03 00:00:00
S1780,East,Apparel,2,533.43,1066.86,In-store,6.7,2024-03-04 00:00:00
S1781,East,Cosmetics,4,506.36,2025.44,In-store,6.9,2024-01-10 00:00:00
S1782,East,Cosmetics,10,104.09,1040.9,Online,9.0,2024-05-06 00:00:00
S1783,South,Furniture,6,566.29,3397.74,Online,7.7,2024-11-12 00:00:00
S1784,South,Cosmetics,10,528.31,5283.1,In-store,5.8,2024-09-07 00:00:00
S1785,East,Apparel,3,473.56,1420.68,In-store,6.8,2024-11-01 00:00:00
S1786,East,Groceries,2,152.67,305.34,In-store,6.5,2024-02-29 00:00:00
S1787,North,Cosmetics,1,599.9,599.9,Online,7.0,2024-03-05 00:00:00
S1788,East,Groceries,5,346.49,1732.45,In-store,6.8,2024-07-25 00:00:00
S1789,North,Electronics,6,195.47,1172.82,Online,6.7,2024-07-18 00:00:00
S1790,North,Furniture,6,89.37,536.22,In-store,5.1,2024-06-18 00:00:00
S1791,South,Cosmetics,3,204.18,612.54,In-store,5.1,2024-06-23 00:00:00
S1792,North,Cosmetics,11,448.4,4932.4,Online,8.4,2024-07-21 00:00:00
S1793,North,Cosmetics,6,534.94,3209.64,Online,7.3,2024-08-26 00:00:00
S1794,North,Electronics,12,383.27,4599.24,Online,7.4,2024-03-29 00:00:00
S1795,South,Apparel,6,591.77,3550.62,Online,5.2,2024-02-08 00:00:00
S1796,North,Furniture,1,276.81,276.81,In-store,4.5,2024-09-19 00:00:00
S1797,South,Electronics,9,254.23,2288.07,Online,6.5,2024-08-17 00:00:00
S1798,North,Groceries,12,229.21,2750.52,In-store,4.2,2024-04-09 00:00:00
S1799,East,Electronics,3,195.73,587.19,Online,6.6,2024-06-26 00:00:00
S1800,East,Apparel,1,596.61,596.61,Online,4.3,2024-08-30 00:00:00
S1801,East,Furniture,10,585.07,5850.7,Online,7.7,2024-09-26 00:00:00
S1802,East,Cosmetics,8,365.11,2920.88,Online,6.9,2024-03-29 00:00:00
S1803,South,Furniture,12,389.36,4672.32,In-store,5.0,2024-11-18 00:00:00
S1804,North,Groceries,8,290.22,2321.76,Online,9.6,2024-12-25 00:00:00
S1805,South,Groceries,5,282.74,1413.7,Online,6.2,2024-06-14 00:00:00
S1806,East,Electronics,7,74.57,521.99,In-store,8.5,2024-03-19 00:00:00
S1807,East,Apparel,2,126.92,253.84,Online,9.2,2024-08-08 00:00:00
S1808,South,Apparel,1,380.4,380.4,In-store,8.5,2024-06-25 00:00:00
S1809,East,Electronics,8,391.46,3131.68,Online,7.4,2024-12-18 00:00:00
S1810,East,Cosmetics,5,439.58,2197.9,Online,7.0,2024-04-23 00:00:00
S1811,South,Apparel,8,537.88,4303.04,Online,7.9,2024-07-08 00:00:00
S1812,East,Furniture,6,179.75,1078.5,Online,3.9,2024-02-24 00:00:00
S1813,North,Furniture,2,317.52,635.04,In-store,5.6,2024-12-10 00:00:00
S1814,East,Apparel,8,46.38,371.04,In-store,8.9,2024-01-16 00:00:00
S1815,North,Cosmetics,9,144.97,1304.73,Online,7.0,2024-11-03 00:00:00
S1816,South,Groceries,2,143.44,286.88,In-store,8.1,2024-09-17 00:00:00
S1817,South,Cosmetics,7,568.19,3977.33,In-store,6.5,2024-11-04 00:00:00
S1818,East,Electronics,2,250.17,500.34,Online,6.4,2024-03-24 00:00:00
S1819,South,Groceries,2,463.06,926.12,Online,7.6,2024-09-13 00:00:00
S1820,North,Electronics,3,53.64,160.92,Online,9.6,2024-04-13 00:00:00
S1821,South,Groceries,5,519.13,2595.65,Online,3.7,2024-03-11 00:00:00
S1822,South,Cosmetics,7,67.81,474.67,In-store,5.6,2024-03-24 00:00:00
S1823,South,Furniture,1,417.98,417.98,Online,3.8,2024-12-02 00:00:00
S1824,East,Cosmetics,11,385.81,4243.91,Online,5.3,2024-04-27 00:00:00
S1825,East,Cosmetics,9,480.01,4320.09,In-store,7.6,2024-12-24 00:00:00
S1826,East,Groceries,4,163.85,655.4,Online,3.6,2024-02-07 00:00:00
S1827,East,Electronics,12,71.57,858.84,Online,9.0,2024-07-13 00:00:00
S1828,North,Apparel,9,513.53,4621.77,Online,6.9,2024-01-07 00:00:00
S1829,South,Furniture,12,458.9,5506.8,In-store,4.1,2024-10-26 00:00:00
S1830,East,Furniture,10,257.78,2577.8,Online,6.6,2024-08-16 00:00:00
S1831,North,Cosmetics,1,119.66,119.66,Online,7.8,2024-05-21 00:00:00
S1832,East,Apparel,2,182.74,365.48,Online,4.9,2024-09-06 00:00:00
S1833,South,Furniture,12,36.9,442.8,Online,6.3,2024-10-18 00:00:00
S1834,East,Cosmetics,5,44.3,221.5,Online,6.4,2024-08-05 00:00:00
S1835,East,Cosmetics,2,371.93,743.86,In-store,4.3,2024-12-21 00:00:00
S1836,East,Furniture,6,111.3,667.8,In-store,9.2,2024-03-07 00:00:00
S1837,East,Cosmetics,11,35.4,389.4,In-store,5.3,2024-11-16 00:00:00
S1838,North,Groceries,4,527.42,2109.68,In-store,7.0,2024-11-22 00:00:00
S1839,South,Groceries,12,399.67,4796.04,In-store,7.6,2024-02-27 00:00:00
S1840,East,Electronics,11,123.68,1360.48,In-store,3.7,2024-09-21 00:00:00
S1841,South,Cosmetics,3,303.84,911.52,Online,6.4,2024-12-20 00:00:00
S1842,North,Groceries,5,327.99,1639.95,In-store,7.4,2024-04-25 00:00:00
S1843,South,Furniture,4,140.32,561.28,Online,5.4,2024-07-05 00:00:00
S1844,East,Electronics,4,222.98,891.92,In-store,9.8,2024-07-03 00:00:00
S1845,North,Apparel,4,69.77,279.08,Online,5.9,2024-12-31 00:00:00
S1846,South,Cosmetics,9,114.76,1032.84,In-store,6.5,2024-10-22 00:00:00
S1847,North,Electronics,12,147.03,1764.36,In-store,4.4,2024-11-08 00:00:00
S1848,East,Furniture,12,444.95,5339.4,Online,5.8,2024-05-14 00:00:00
S1849,North,Groceries,11,144.73,1592.03,In-store,3.8,2024-12-31 00:00:00
S1850,East,Electronics,1,146.82,146.82,In-store,8.0,2024-04-16 00:00:00
S1851,North,Electronics,8,447.17,3577.36,In-store,7.6,2024-03-24 00:00:00
S1852,East,Electronics,3,564.77,1694.31,In-store,7.1,2024-07-10 00:00:00
S1853,North,Groceries,12,239.3,2871.6,In-store,4.1,2024-06-16 00:00:00
S1854,North,Cosmetics,8,108.92,871.36,In-store,6.7,2024-08-04 00:00:00
S1855,East,Apparel,8,380.47,3043.76,In-store,5.7,2024-05-08 00:00:00
S1856,North,Electronics,11,477.2,5249.2,In-store,5.2,2024-02-20 00:00:00
S1857,East,Furniture,1,585.75,585.75,Online,9.8,2024-06-13 00:00:00
S1858,North,Cosmetics,3,585.25,1755.75,Online,4.8,2024-02-09 00:00:00
S1859,North,Electronics,3,360.06,1080.18,In-store,7.9,2024-06-17 00:00:00
S1860,North,Furniture,9,485.17,4366.53,In-store,4.3,2024-07-12 00:00:00
S1861,North,Electronics,2,103.15,206.3,In-store,4.5,2024-07-04 00:00:00
S1862,East,Apparel,12,205.41,2464.92,In-store,4.0,2024-08-03 00:00:00
S1863,East,Apparel,8,156.77,1254.16,In-store,4.0,2024-04-24 00:00:00
S1864,North,Furniture,8,378.66,3029.28,In-store,5.4,2024-01-29 00:00:00
S1865,South,Cosmetics,8,291.91,2335.28,In-store,6.4,2024-09-26 00:00:00
S1866,North,Electronics,10,24.74,247.4,In-store,4.9,2024-10-24 00:00:00
S1867,North,Groceries,12,522.05,6264.6,Online,9.9,2024-04-09 00:00:00
S1868,South,Groceries,12,333.71,4004.52,In-store,4.5,2024-05-16 00:00:00
S1869,South,Cosmetics,1,565.25,565.25,In-store,9.2,2024-08-06 00:00:00
S1870,South,Groceries,8,351.04,2808.32,Online,7.8,2024-01-24 00:00:00
S1871,North,Electronics,11,583.27,6415.97,Online,5.1,2024-01-27 00:00:00
S1872,East,Cosmetics,7,379.35,2655.45,In-store,3.9,2024-12-28 00:00:00
S1873,East,Cosmetics,6,582.84,3497.04,Online,4.4,2024-12-19 00:00:00
S1874,South,Electronics,11,66.81,734.91,Online,9.1,2024-06-27 00:00:00
S1875,South,Groceries,1,189.54,189.54,In-store,4.7,2024-09-27 00:00:00
S1876,South,Electronics,9,428.35,3855.15,Online,6.3,2024-03-26 00:00:00
S1877,North,Electronics,7,279.91,1959.37,Online,7.0,2024-03-08 00:00:00
S1878,East,Groceries,8,255.91,2047.28,In-store,4.5,2024-09-02 00:00:00
S1879,North,Cosmetics,3,81.84,245.52,In-store,4.5,2024-09-10 00:00:00
S1880,East,Furniture,1,223.7,223.7,Online,6.7,2024-10-18 00:00:00
S1881,South,Groceries,5,486.33,2431.65,In-store,8.2,2024-08-29 00:00:00
S1882,South,Furniture,12,134.33,1611.96,In-store,9.9,2024-03-30 00:00:00
S1883,North,Groceries,12,74.81,897.72,Online,8.1,2024-02-20 00:00:00
S1884,North,Apparel,9,46.2,415.8,Online,5.7,2024-12-31 00:00:00
S1885,South,Electronics,6,418.43,2510.58,Online,6.6,2024-03-31 00:00:00
S1886,East,Electronics,8,466.77,3734.16,In-store,8.1,2024-06-30 00:00:00
S1887,East,Electronics,6,251.52,1509.12,Online,9.7,2024-06-16 00:00:00
S1888,East,Cosmetics,2,493.15,986.3,Online,6.3,2024-04-26 00:00:00
S1889,South,Cosmetics,6,287.21,1723.26,In-store,8.9,2024-04-17 00:00:00
S1890,South,Furniture,6,92.05,552.3,In-store,3.6,2024-09-18 00:00:00
S1891,East,Furniture,5,520.91,2604.55,In-store,7.7,2024-01-20 00:00:00
S1892,North,Cosmetics,9,258.02,2322.18,In-store,6.7,2024-05-18 00:00:00
S1893,East,Electronics,11,241.97,2661.67,In-store,6.8,2024-08-10 00:00:00
S1894,North,Groceries,11,16.5,181.5,Online,5.7,2024-04-17 00:00:00
S1895,East,Furniture,9,557.38,5016.42,Online,6.9,2024-09-30 00:00:00
S1896,South,Cosmetics,6,566.36,3398.16,In-store,4.8,2024-10-02 00:00:00
S1897,North,Groceries,10,256.81,2568.1,Online,4.7,2024-05-29 00:00:00
S1898,South,Apparel,3,598.53,1795.59,In-store,4.8,2024-07-24 00:00:00
S1899,South,Apparel,10,523.49,5234.9,Online,5.8,2024-09-06 00:00:00
S1900,East,Cosmetics,7,24.49,171.43,In-store,8.1,2024-01-19 00:00:00
S1901,South,Cosmetics,11,187.74,2065.14,Online,8.4,2024-09-14 00:00:00
S1902,South,Groceries,5,101.29,506.45,In-store,8.3,2024-07-02 00:00:00
S1903,East,Apparel,8,461.25,3690.0,Online,7.0,2024-04-17 00:00:00
S1904,North,Groceries,8,570.71,4565.68,In-store,5.1,2024-05-31 00:00:00
S1905,East,Furniture,5,259.92,1299.6,Online,3.6,2024-02-26 00:00:00
S1906,East,Groceries,2,123.98,247.96,In-store,4.6,2024-12-05 00:00:00
S1907,East,Furniture,3,151.99,455.97,In-store,9.2,2024-02-19 00:00:00
S1908,North,Furniture,9,430.62,3875.58,In-store,10.0,2024-09-25 00:00:00
S1909,East,Groceries,6,335.41,2012.46,Online,5.0,2024-09-24 00:00:00
S1910,East,Cosmetics,9,63.59,572.31,Online,8.4,2024-06-26 00:00:00
S1911,South,Electronics,12,306.2,3674.4,In-store,3.7,2024-11-17 00:00:00
S1912,East,Electronics,4,115.46,461.84,Online,9.4,2024-05-05 00:00:00
S1913,North,Electronics,11,517.44,5691.84,Online,8.2,2024-02-25 00:00:00
S1914,East,Groceries,3,388.97,1166.91,Online,7.3,2024-12-04 00:00:00
S1915,North,Groceries,1,12.72,12.72,Online,8.9,2024-01-27 00:00:00
S1916,North,Furniture,6,572.72,3436.32,Online,3.8,2024-07-04 00:00:00
S1917,North,Electronics,3,427.53,1282.59,Online,8.1,2024-10-04 00:00:00
S1918,North,Groceries,5,597.24,2986.2,Online,8.6,2024-12-15 00:00:00
S1919,South,Cosmetics,7,352.65,2468.55,Online,5.4,2024-10-05 00:00:00
S1920,East,Electronics,6,551.21,3307.26,Online,6.0,2024-11-01 00:00:00
S1921,North,Cosmetics,8,231.17,1849.36,In-store,6.6,2024-03-19 00:00:00
S1922,North,Electronics,12,14.0,168.0,Online,7.2,2024-05-24 00:00:00
S1923,North,Groceries,10,437.83,4378.3,Online,6.8,2024-04-05 00:00:00
S1924,North,Furniture,7,303.84,2126.88,In-store,9.4,2024-05-02 00:00:00
S1925,South,Groceries,3,352.2,1056.6,Online,7.2,2024-10-23 00:00:00
S1926,North,Electronics,8,577.21,4617.68,Online,7.3,2024-07-25 00:00:00
S1927,East,Cosmetics,8,346.24,2769.92,In-store,8.3,2024-02-01 00:00:00
S1928,North,Electronics,4,296.9,1187.6,Online,6.7,2024-11-22 00:00:00
S1929,North,Apparel,7,267.97,1875.79,In-store,9.7,2024-07-07 00:00:00
S1930,East,Groceries,11,471.56,5187.16,In-store,7.5,2024-11-25 00:00:00
S1931,North,Cosmetics,7,466.16,3263.12,Online,7.3,2024-08-01 00:00:00
S1932,North,Electronics,11,39.41,433.51,In-store,5.7,2024-08-02 00:00:00
S1933,North,Cosmetics,1,355.9,355.9,In-store,9.8,2024-10-21 00:00:00
S1934,East,Electronics,7,207.79,1454.53,In-store,6.6,2024-05-15 00:00:00
S1935,East,Electronics,3,139.55,418.65,In-store,8.2,2024-07-04 00:00:00
S1936,South,Apparel,9,549.08,4941.72,Online,4.4,2024-04-30 00:00:00
S1937,South,Cosmetics,1,282.09,282.09,In-store,6.5,2024-07-16 00:00:00
S1938,North,Furniture,4,187.08,748.32,In-store,6.9,2024-01-27 00:00:00
S1939,North,Cosmetics,1,402.95,402.95,Online,6.6,2024-08-06 00:00:00
S1940,North,Furniture,5,388.41,1942.05,Online,9.9,2024-09-20 00:00:00
S1941,East,Electronics,7,72.65,508.55,Online,5.2,2024-09-07 00:00:00
S1942,South,Electronics,5,474.92,2374.6,Online,5.9,2024-11-13 00:00:00
S1943,South,Cosmetics,4,454.06,1816.24,Online,7.8,2024-05-28 00:00:00
S1944,North,Furniture,10,567.9,5679.0,In-store,6.0,2024-05-01 00:00:00
S1945,North,Furniture,11,563.01,6193.11,In-store,5.2,2024-11-30 00:00:00
S1946,East,Electronics,1,369.76,369.76,In-store,3.7,2024-05-10 00:00:00
S1947,East,Groceries,8,370.88,2967.04,In-store,5.9,2024-04-06 00:00:00
S1948,North,Furniture,12,509.29,6111.48,In-store,5.5,2024-01-27 00:00:00
S1949,North,Cosmetics,3,293.73,881.19,In-store,4.6,2024-09-17 00:00:00
S1950,North,Furniture,3,122.78,368.34,In-store,8.9,2024-11-02 00:00:00
S1951,South,Electronics,3,75.38,226.14,Online,7.0,2024-05-19 00:00:00
S1952,North,Cosmetics,3,389.75,1169.25,Online,3.6,2024-04-08 00:00:00
S1953,North,Electronics,2,47.97,95.94,In-store,9.4,2024-03-29 00:00:00
S1954,North,Furniture,8,540.01,4320.08,In-store,3.9,2024-01-25 00:00:00
S1955,South,Electronics,11,114.57,1260.27,In-store,8.1,2024-05-11 00:00:00
S1956,North,Cosmetics,11,431.78,4749.58,In-store,8.2,2024-10-11 00:00:00
S1957,North,Cosmetics,1,166.31,166.31,In-store,8.4,2024-01-14 00:00:00
S1958,North,Electronics,10,455.74,4557.4,In-store,6.6,2024-07-20 00:00:00
S1959,North,Electronics,11,529.16,5820.76,Online,5.2,2024-10-24 00:00:00
S1960,South,Apparel,4,453.6,1814.4,In-store,5.7,2024-06-10 00:00:00
S1961,South,Furniture,11,105.5,1160.5,Online,4.8,2024-01-05 00:00:00
S1962,South,Furniture,8,440.14,3521.12,Online,5.4,2024-01-14 00:00:00
S1963,South,Cosmetics,7,415.87,2911.09,In-store,9.2,2024-08-12 00:00:00
S1964,North,Furniture,11,292.73,3220.03,In-store,3.8,2024-03-23 00:00:00
S1965,North,Furniture,4,261.28,1045.12,In-store,5.9,2024-02-09 00:00:00
S1966,East,Electronics,12,334.73,4016.76,Online,9.9,2024-04-29 00:00:00
S1967,South,Furniture,11,136.45,1500.95,Online,5.0,2024-07-18 00:00:00
S1968,South,Groceries,5,144.99,724.95,In-store,8.5,2024-11-22 00:00:00
S1969,East,Electronics,5,395.5,1977.5,In-store,6.6,2024-07-10 00:00:00
S1970,North,Cosmetics,4,567.46,2269.84,Online,6.1,2024-03-12 00:00:00
S1971,North,Electronics,1,73.94,73.94,In-store,9.6,2024-05-31 00:00:00
S1972,East,Groceries,7,148.84,1041.88,Online,7.4,2024-12-29 00:00:00
S1973,South,Electronics,9,223.11,2007.99,Online,4.2,2024-11-27 00:00:00
S1974,North,Apparel,10,283.07,2830.7,Online,5.6,2024-12-31 00:00:00
S1975,North,Cosmetics,11,112.88,1241.68,In-store,3.9,2024-04-29 00:00:00
S1976,North,Furniture,7,341.49,2390.43,Online,9.7,2024-08-31 00:00:00
S1977,North,Apparel,12,391.68,4700.16,In-store,3.9,2024-08-08 00:00:00
S1978,North,Groceries,12,309.17,3710.04,Online,6.1,2024-05-01 00:00:00
S1979,South,Apparel,10,39.45,394.5,In-store,8.0,2024-02-17 00:00:00
S1980,South,Apparel,11,53.37,587.07,Online,4.8,2024-03-01 00:00:00
S1981,South,Cosmetics,10,478.62,4786.2,Online,5.4,2024-05-19 00:00:00
S1982,North,Furniture,6,227.35,1364.1,In-store,9.2,2024-09-21 00:00:00
S1983,East,Apparel,11,363.55,3999.05,Online,9.9,2024-09-02 00:00:00
S1984,East,Furniture,11,363.55,3999.05,Online,7.7,2024-07-30 00:00:00
S1985,North,Electronics,9,447.0,4023.0,In-store,3.8,2024-03-05 00:00:00
S1986,East,Furniture,1,278.04,278.04,In-store,5.8,2024-09-21 00:00:00
S1987,North,Groceries,2,241.22,482.44,In-store,5.0,2024-04-08 00:00:00
S1988,East,Cosmetics,9,174.84,1573.56,Online,7.7,2024-06-07 00:00:00
S1989,South,Apparel,6,278.31,1669.86,In-store,5.5,2024-12-06 00:00:00
S1990,East,Electronics,4,362.15,1448.6,In-store,5.6,2024-02-23 00:00:00
S1991,East,Apparel,8,118.29,946.32,In-store,3.6,2024-10-01 00:00:00
S1992,South,Apparel,12,40.39,484.68,Online,3.9,2024-05-31 00:00:00
S1993,North,Apparel,8,293.66,2349.28,Online,6.0,2024-02-01 00:00:00
S1994,South,Electronics,11,67.23,739.53,In-store,8.6,2024-11-03 00:00:00
S1995,South,Apparel,4,293.2,1172.8,In-store,8.2,2024-02-10 00:00:00
S1996,East,Electronics,4,323.43,1293.72,In-store,4.3,2024-06-03 00:00:00
S1997,North,Cosmetics,4,350.7,1402.8,In-store,7.3,2024-06-08 00:00:00
S1998,South,Groceries,9,271.64,2444.76,In-store,4.4,2024-06-06 00:00:00
S1999,North,Electronics,5,482.63,2413.15,Online,7.3,2024-01-10 00:00:00
S2000,East,Furniture,11,116.54,1281.94,In-store,9.4,2024-02-06 00:00:00
